[{"model": "admin.logentry", "pk": 1, "fields": {"action_time": "2025-08-08T19:32:32.162Z", "user": 1, "content_type": 4, "object_id": "3", "object_repr": "john", "action_flag": 2, "change_message": "[{\"changed\": {\"fields\": [\"Staff status\"]}}]"}}, {"model": "auth.permission", "pk": 1, "fields": {"name": "Can add log entry", "content_type": 1, "codename": "add_logentry"}}, {"model": "auth.permission", "pk": 2, "fields": {"name": "Can change log entry", "content_type": 1, "codename": "change_logentry"}}, {"model": "auth.permission", "pk": 3, "fields": {"name": "Can delete log entry", "content_type": 1, "codename": "delete_logentry"}}, {"model": "auth.permission", "pk": 4, "fields": {"name": "Can view log entry", "content_type": 1, "codename": "view_logentry"}}, {"model": "auth.permission", "pk": 5, "fields": {"name": "Can add permission", "content_type": 2, "codename": "add_permission"}}, {"model": "auth.permission", "pk": 6, "fields": {"name": "Can change permission", "content_type": 2, "codename": "change_permission"}}, {"model": "auth.permission", "pk": 7, "fields": {"name": "Can delete permission", "content_type": 2, "codename": "delete_permission"}}, {"model": "auth.permission", "pk": 8, "fields": {"name": "Can view permission", "content_type": 2, "codename": "view_permission"}}, {"model": "auth.permission", "pk": 9, "fields": {"name": "Can add group", "content_type": 3, "codename": "add_group"}}, {"model": "auth.permission", "pk": 10, "fields": {"name": "Can change group", "content_type": 3, "codename": "change_group"}}, {"model": "auth.permission", "pk": 11, "fields": {"name": "Can delete group", "content_type": 3, "codename": "delete_group"}}, {"model": "auth.permission", "pk": 12, "fields": {"name": "Can view group", "content_type": 3, "codename": "view_group"}}, {"model": "auth.permission", "pk": 13, "fields": {"name": "Can add user", "content_type": 4, "codename": "add_user"}}, {"model": "auth.permission", "pk": 14, "fields": {"name": "Can change user", "content_type": 4, "codename": "change_user"}}, {"model": "auth.permission", "pk": 15, "fields": {"name": "Can delete user", "content_type": 4, "codename": "delete_user"}}, {"model": "auth.permission", "pk": 16, "fields": {"name": "Can view user", "content_type": 4, "codename": "view_user"}}, {"model": "auth.permission", "pk": 17, "fields": {"name": "Can add content type", "content_type": 5, "codename": "add_contenttype"}}, {"model": "auth.permission", "pk": 18, "fields": {"name": "Can change content type", "content_type": 5, "codename": "change_contenttype"}}, {"model": "auth.permission", "pk": 19, "fields": {"name": "Can delete content type", "content_type": 5, "codename": "delete_contenttype"}}, {"model": "auth.permission", "pk": 20, "fields": {"name": "Can view content type", "content_type": 5, "codename": "view_contenttype"}}, {"model": "auth.permission", "pk": 21, "fields": {"name": "Can add session", "content_type": 6, "codename": "add_session"}}, {"model": "auth.permission", "pk": 22, "fields": {"name": "Can change session", "content_type": 6, "codename": "change_session"}}, {"model": "auth.permission", "pk": 23, "fields": {"name": "Can delete session", "content_type": 6, "codename": "delete_session"}}, {"model": "auth.permission", "pk": 24, "fields": {"name": "Can view session", "content_type": 6, "codename": "view_session"}}, {"model": "auth.permission", "pk": 25, "fields": {"name": "Can add customer", "content_type": 7, "codename": "add_customer"}}, {"model": "auth.permission", "pk": 26, "fields": {"name": "Can change customer", "content_type": 7, "codename": "change_customer"}}, {"model": "auth.permission", "pk": 27, "fields": {"name": "Can delete customer", "content_type": 7, "codename": "delete_customer"}}, {"model": "auth.permission", "pk": 28, "fields": {"name": "Can view customer", "content_type": 7, "codename": "view_customer"}}, {"model": "auth.permission", "pk": 29, "fields": {"name": "Can add professional", "content_type": 8, "codename": "add_professional"}}, {"model": "auth.permission", "pk": 30, "fields": {"name": "Can change professional", "content_type": 8, "codename": "change_professional"}}, {"model": "auth.permission", "pk": 31, "fields": {"name": "Can delete professional", "content_type": 8, "codename": "delete_professional"}}, {"model": "auth.permission", "pk": 32, "fields": {"name": "Can view professional", "content_type": 8, "codename": "view_professional"}}, {"model": "auth.permission", "pk": 33, "fields": {"name": "Can add service", "content_type": 9, "codename": "add_service"}}, {"model": "auth.permission", "pk": 34, "fields": {"name": "Can change service", "content_type": 9, "codename": "change_service"}}, {"model": "auth.permission", "pk": 35, "fields": {"name": "Can delete service", "content_type": 9, "codename": "delete_service"}}, {"model": "auth.permission", "pk": 36, "fields": {"name": "Can view service", "content_type": 9, "codename": "view_service"}}, {"model": "auth.permission", "pk": 37, "fields": {"name": "Can add schedule", "content_type": 10, "codename": "add_schedule"}}, {"model": "auth.permission", "pk": 38, "fields": {"name": "Can change schedule", "content_type": 10, "codename": "change_schedule"}}, {"model": "auth.permission", "pk": 39, "fields": {"name": "Can delete schedule", "content_type": 10, "codename": "delete_schedule"}}, {"model": "auth.permission", "pk": 40, "fields": {"name": "Can view schedule", "content_type": 10, "codename": "view_schedule"}}, {"model": "auth.user", "pk": 1, "fields": {"password": "pbkdf2_sha256$600000$AZ7buDd0MsHvinEF8uzjuP$V9ofVQHNNj9XRRnr9FUBu5PYli/e8oBquga/35Tua9M=", "last_login": "2025-08-08T19:32:13.212Z", "is_superuser": true, "username": "admin", "first_name": "", "last_name": "", "email": "admin@mail.com", "is_staff": true, "is_active": true, "date_joined": "2025-08-08T19:15:21.864Z", "groups": [], "user_permissions": []}}, {"model": "auth.user", "pk": 2, "fields": {"password": "pbkdf2_sha256$600000$V6LjBc5jjZ5zICTBTTjr22$CbBCZSTtj2L+/J/uCqA3vbKIGcOmNUH2R8NR/lhk6cc=", "last_login": null, "is_superuser": false, "username": "jane", "first_name": "", "last_name": "", "email": "jane@mail.com", "is_staff": false, "is_active": true, "date_joined": "2025-08-08T19:15:22.279Z", "groups": [], "user_permissions": []}}, {"model": "auth.user", "pk": 3, "fields": {"password": "pbkdf2_sha256$600000$nq7LXLzv7UWhs04Y74bpQg$hVnV4ClRNkShzZ24ms0BDw68IcnsqBMsqNHmRgcy3xM=", "last_login": "2025-08-08T19:32:47.452Z", "is_superuser": false, "username": "john", "first_name": "", "last_name": "", "email": "john@mail.com", "is_staff": true, "is_active": true, "date_joined": "2025-08-08T19:15:22Z", "groups": [], "user_permissions": []}}, {"model": "contenttypes.contenttype", "pk": 1, "fields": {"app_label": "admin", "model": "logentry"}}, {"model": "contenttypes.contenttype", "pk": 2, "fields": {"app_label": "auth", "model": "permission"}}, {"model": "contenttypes.contenttype", "pk": 3, "fields": {"app_label": "auth", "model": "group"}}, {"model": "contenttypes.contenttype", "pk": 4, "fields": {"app_label": "auth", "model": "user"}}, {"model": "contenttypes.contenttype", "pk": 5, "fields": {"app_label": "contenttypes", "model": "contenttype"}}, {"model": "contenttypes.contenttype", "pk": 6, "fields": {"app_label": "sessions", "model": "session"}}, {"model": "contenttypes.contenttype", "pk": 7, "fields": {"app_label": "record", "model": "customer"}}, {"model": "contenttypes.contenttype", "pk": 8, "fields": {"app_label": "record", "model": "professional"}}, {"model": "contenttypes.contenttype", "pk": 9, "fields": {"app_label": "record", "model": "service"}}, {"model": "contenttypes.contenttype", "pk": 10, "fields": {"app_label": "appointment", "model": "schedule"}}, {"model": "record.customer", "pk": 1, "fields": {"name": "Sylvia Veneziano", "email": "cscamarcio@example.com"}}, {"model": "record.customer", "pk": 2, "fields": {"name": "Massimiliano Bernardini-Traversa", "email": "ncuomo@example.net"}}, {"model": "record.customer", "pk": 3, "fields": {"name": "Maria Babato", "email": "angelosemitecolo@example.com"}}, {"model": "record.customer", "pk": 4, "fields": {"name": "Giuliana Castiglione", "email": "jscamarcio@example.net"}}, {"model": "record.customer", "pk": 5, "fields": {"name": "Dott. Mattia Battisti", "email": "brunozamorani@example.net"}}, {"model": "record.customer", "pk": 6, "fields": {"name": "Sig. Federigo Gibilisco", "email": "niccolo31@example.net"}}, {"model": "record.customer", "pk": 7, "fields": {"name": "Arsenio Mazzocchi", "email": "piersanti52@example.com"}}, {"model": "record.customer", "pk": 8, "fields": {"name": "Eliana Riccardi", "email": "lara05@example.org"}}, {"model": "record.customer", "pk": 9, "fields": {"name": "Agostino Bembo", "email": "marazzibartolomeo@example.net"}}, {"model": "record.customer", "pk": 10, "fields": {"name": "Amanda Pistoletto", "email": "accardoanita@example.net"}}, {"model": "record.customer", "pk": 11, "fields": {"name": "Amadeo Duodo", "email": "tgritti@example.com"}}, {"model": "record.customer", "pk": 12, "fields": {"name": "Jacopo Galiazzo-Salvo", "email": "donatello51@example.com"}}, {"model": "record.customer", "pk": 13, "fields": {"name": "Sig. Nico Buonauro", "email": "leonerespighi@example.net"}}, {"model": "record.customer", "pk": 14, "fields": {"name": "Dott. Victoria Giannotti", "email": "giada71@example.org"}}, {"model": "record.customer", "pk": 15, "fields": {"name": "Carolina Seddio", "email": "angelicagiannuzzi@example.org"}}, {"model": "record.customer", "pk": 16, "fields": {"name": "Gino Monteverdi", "email": "rauricagiuliana@example.org"}}, {"model": "record.customer", "pk": 17, "fields": {"name": "Griselda Tomei", "email": "calarcogiulietta@example.org"}}, {"model": "record.customer", "pk": 18, "fields": {"name": "Guarino Caffarelli", "email": "finettielmo@example.com"}}, {"model": "record.customer", "pk": 19, "fields": {"name": "Laura Fagotto", "email": "emaccanelli@example.com"}}, {"model": "record.customer", "pk": 20, "fields": {"name": "Dott. Paride Leonetti", "email": "fernanda65@example.net"}}, {"model": "record.customer", "pk": 21, "fields": {"name": "Gianluca Altera", "email": "ynitto@example.net"}}, {"model": "record.customer", "pk": 22, "fields": {"name": "Ilaria Turchi", "email": "donna16@example.com"}}, {"model": "record.customer", "pk": 23, "fields": {"name": "Griselda Cibin", "email": "wrenier@example.com"}}, {"model": "record.customer", "pk": 24, "fields": {"name": "Beppe Gravina", "email": "ugiannetti@example.org"}}, {"model": "record.customer", "pk": 25, "fields": {"name": "Osvaldo Nicolini", "email": "ugozzi@example.com"}}, {"model": "record.customer", "pk": 26, "fields": {"name": "Rosaria Pavarotti", "email": "boccaangelina@example.com"}}, {"model": "record.customer", "pk": 27, "fields": {"name": "Filippa Spinola", "email": "dinabernardini@example.com"}}, {"model": "record.customer", "pk": 28, "fields": {"name": "Ludovico Callegari", "email": "tizianobongiorno@example.org"}}, {"model": "record.customer", "pk": 29, "fields": {"name": "Bianca Oscuro", "email": "tmontanelli@example.net"}}, {"model": "record.customer", "pk": 30, "fields": {"name": "Dott. Toni Ficino", "email": "piacentinigaspare@example.com"}}, {"model": "record.customer", "pk": 31, "fields": {"name": "Alfio Romiti", "email": "gaspare75@example.net"}}, {"model": "record.customer", "pk": 32, "fields": {"name": "Edoardo Fieramosca", "email": "mattia29@example.com"}}, {"model": "record.customer", "pk": 33, "fields": {"name": "Amedeo Pausini", "email": "amedeo81@example.com"}}, {"model": "record.customer", "pk": 34, "fields": {"name": "Lamberto Spanevello", "email": "giampaolobellini@example.com"}}, {"model": "record.customer", "pk": 35, "fields": {"name": "Tatiana Ruberto", "email": "gpanicucci@example.net"}}, {"model": "record.customer", "pk": 36, "fields": {"name": "Virginia Proietti-Stoppani", "email": "ludovicapiazzi@example.com"}}, {"model": "record.customer", "pk": 37, "fields": {"name": "Ivan Innocenti", "email": "villadicanizaira@example.net"}}, {"model": "record.customer", "pk": 38, "fields": {"name": "Gioacchino Ughi", "email": "alphonsbarberini@example.net"}}, {"model": "record.customer", "pk": 39, "fields": {"name": "Laura Rensi", "email": "guglielmosabatini@example.com"}}, {"model": "record.customer", "pk": 40, "fields": {"name": "Alessandro Tartini", "email": "fortunata79@example.org"}}, {"model": "record.service", "pk": 1, "fields": {"title": "Biochemist, Clinical"}}, {"model": "record.service", "pk": 2, "fields": {"title": "Media Planner"}}, {"model": "record.service", "pk": 3, "fields": {"title": "Interpreter"}}, {"model": "record.service", "pk": 4, "fields": {"title": "Chartered Management Accountant"}}, {"model": "record.service", "pk": 5, "fields": {"title": "Conservator, Museum/Gallery"}}, {"model": "record.service", "pk": 6, "fields": {"title": "Environmental Education Officer"}}, {"model": "record.service", "pk": 7, "fields": {"title": "Public Relations Account Executive"}}, {"model": "record.service", "pk": 8, "fields": {"title": "Careers Information Officer"}}, {"model": "record.service", "pk": 9, "fields": {"title": "Sound Technician, Broadcasting/Film/Video"}}, {"model": "record.service", "pk": 10, "fields": {"title": "Chief Of Staff"}}, {"model": "record.service", "pk": 11, "fields": {"title": "Psychologist, Counselling"}}, {"model": "record.service", "pk": 12, "fields": {"title": "Environmental Consultant"}}, {"model": "record.service", "pk": 13, "fields": {"title": "Engineer, Biomedical"}}, {"model": "record.service", "pk": 14, "fields": {"title": "Media Buyer"}}, {"model": "record.service", "pk": 15, "fields": {"title": "Special Educational Needs Teacher"}}, {"model": "record.service", "pk": 16, "fields": {"title": "Dispensing Optician"}}, {"model": "record.service", "pk": 17, "fields": {"title": "Film/Video Editor"}}, {"model": "record.service", "pk": 18, "fields": {"title": "Research Officer, Political Party"}}, {"model": "record.service", "pk": 19, "fields": {"title": "Furniture Conservator/Restorer"}}, {"model": "record.service", "pk": 20, "fields": {"title": "Communications Engineer"}}, {"model": "record.professional", "pk": 1, "fields": {"name": "Tonia Scamarcio-Odescalchi", "email": "lucianaludovisi@example.net"}}, {"model": "record.professional", "pk": 2, "fields": {"name": "Francesco Babato", "email": "eferragamo@example.org"}}, {"model": "record.professional", "pk": 3, "fields": {"name": "Veronica Giolitti", "email": "granatellimassimiliano@example.org"}}, {"model": "record.professional", "pk": 4, "fields": {"name": "Sig.ra Sonia Druso", "email": "graziano77@example.net"}}, {"model": "record.professional", "pk": 5, "fields": {"name": "Biagio Vezzali", "email": "kpulci@example.org"}}, {"model": "record.professional", "pk": 6, "fields": {"name": "Sig. Vincenzo Dossi", "email": "valguarneraalessia@example.org"}}, {"model": "record.professional", "pk": 7, "fields": {"name": "Victoria Traetta", "email": "ninacaetani@example.net"}}, {"model": "record.professional", "pk": 8, "fields": {"name": "Claudia Tremonti", "email": "angelotornatore@example.org"}}, {"model": "record.professional", "pk": 9, "fields": {"name": "Fiamma Canil-Toselli", "email": "zgregorio@example.com"}}, {"model": "record.professional", "pk": 10, "fields": {"name": "Riccardo Tomasetti", "email": "hgigli@example.com"}}, {"model": "record.professional", "pk": 11, "fields": {"name": "Mercedes Agostini", "email": "armanileonardo@example.com"}}, {"model": "record.professional", "pk": 12, "fields": {"name": "Matilda Paoletti", "email": "oiacovelli@example.net"}}, {"model": "record.professional", "pk": 13, "fields": {"name": "Anita Staglieno", "email": "caffarellimaurizio@example.net"}}, {"model": "record.professional", "pk": 14, "fields": {"name": "Lorenzo Cignaroli-Grimani", "email": "adriano19@example.org"}}, {"model": "record.professional", "pk": 15, "fields": {"name": "Nina Giannuzzi", "email": "emodiano@example.org"}}, {"model": "record.professional", "pk": 16, "fields": {"name": "Annunziata Moschino", "email": "qmontanelli@example.net"}}, {"model": "record.professional", "pk": 17, "fields": {"name": "Germana Boccherini", "email": "bazzigilberto@example.com"}}, {"model": "record.professional", "pk": 18, "fields": {"name": "Nadia Bassi", "email": "rosaliacundari@example.com"}}, {"model": "record.professional", "pk": 19, "fields": {"name": "Donato Saragat", "email": "rsavorgnan@example.com"}}, {"model": "record.professional", "pk": 20, "fields": {"name": "Gelsomina Ferrara", "email": "lauretta85@example.com"}}, {"model": "record.professional", "pk": 21, "fields": {"name": "Adelmo Chiappetta", "email": "wborghese@example.net"}}, {"model": "record.professional", "pk": 22, "fields": {"name": "Dino Golino", "email": "pinacontarini@example.com"}}, {"model": "record.professional", "pk": 23, "fields": {"name": "Beatrice Morellato", "email": "emalipiero@example.net"}}, {"model": "record.professional", "pk": 24, "fields": {"name": "Dott. Priscilla Zanzi", "email": "turriniedoardo@example.net"}}, {"model": "record.professional", "pk": 25, "fields": {"name": "Flora Ariosto", "email": "fiammasagredo@example.org"}}, {"model": "record.professional", "pk": 26, "fields": {"name": "Vittoria Bulzoni", "email": "rembrandt11@example.net"}}, {"model": "record.professional", "pk": 27, "fields": {"name": "Beatrice Curiel", "email": "iangiolello@example.com"}}, {"model": "record.professional", "pk": 28, "fields": {"name": "Calcedonio Blasi", "email": "loretta39@example.com"}}, {"model": "record.professional", "pk": 29, "fields": {"name": "Dott. Romina Baresi", "email": "fernanda94@example.org"}}, {"model": "record.professional", "pk": 30, "fields": {"name": "Morena Catalano", "email": "melina17@example.com"}}, {"model": "record.professional", "pk": 31, "fields": {"name": "Paola Panicucci", "email": "renzinadia@example.net"}}, {"model": "record.professional", "pk": 32, "fields": {"name": "Tina Orlando", "email": "fgiannuzzi@example.com"}}, {"model": "record.professional", "pk": 33, "fields": {"name": "Romolo Gibilisco", "email": "ybartoli@example.net"}}, {"model": "record.professional", "pk": 34, "fields": {"name": "Romana Leopardi", "email": "qmastroianni@example.com"}}, {"model": "record.professional", "pk": 35, "fields": {"name": "Flavia Spinelli", "email": "lancisifilippa@example.com"}}, {"model": "record.professional", "pk": 36, "fields": {"name": "Loretta Turchi", "email": "ebruscantini@example.com"}}, {"model": "record.professional", "pk": 37, "fields": {"name": "Raffaello Bertoni", "email": "sabbatinipiergiuseppe@example.org"}}, {"model": "record.professional", "pk": 38, "fields": {"name": "Federica Binaghi", "email": "isabellapanicucci@example.net"}}, {"model": "record.professional", "pk": 39, "fields": {"name": "Vincentio Garrone-Filippini", "email": "btraetta@example.org"}}, {"model": "record.professional", "pk": 40, "fields": {"name": "Mariano Vattimo-Pisano", "email": "tirabassiamadeo@example.com"}}, {"model": "appointment.schedule", "pk": 1, "fields": {"date_time": "2025-08-05T08:05:42.179Z", "professional": 31, "service": 16, "customer": 17, "status": "3"}}, {"model": "appointment.schedule", "pk": 2, "fields": {"date_time": "2025-02-10T03:43:15.722Z", "professional": 27, "service": 7, "customer": 36, "status": "1"}}, {"model": "appointment.schedule", "pk": 3, "fields": {"date_time": "2025-04-09T02:20:04.278Z", "professional": 29, "service": 12, "customer": 25, "status": "2"}}, {"model": "appointment.schedule", "pk": 4, "fields": {"date_time": "2025-05-14T14:03:13.064Z", "professional": 13, "service": 9, "customer": 19, "status": "2"}}, {"model": "appointment.schedule", "pk": 5, "fields": {"date_time": "2025-08-07T10:42:00.037Z", "professional": 24, "service": 9, "customer": 34, "status": "2"}}, {"model": "appointment.schedule", "pk": 6, "fields": {"date_time": "2025-01-10T19:41:08.790Z", "professional": 7, "service": 11, "customer": 19, "status": "1"}}, {"model": "appointment.schedule", "pk": 7, "fields": {"date_time": "2025-07-02T17:21:38.184Z", "professional": 4, "service": 3, "customer": 19, "status": "1"}}, {"model": "appointment.schedule", "pk": 8, "fields": {"date_time": "2025-01-20T10:04:31.024Z", "professional": 31, "service": 1, "customer": 5, "status": "1"}}, {"model": "appointment.schedule", "pk": 9, "fields": {"date_time": "2025-04-13T20:14:29.327Z", "professional": 40, "service": 1, "customer": 39, "status": "1"}}, {"model": "appointment.schedule", "pk": 10, "fields": {"date_time": "2025-08-05T11:05:20.761Z", "professional": 10, "service": 20, "customer": 36, "status": "3"}}, {"model": "appointment.schedule", "pk": 11, "fields": {"date_time": "2025-03-08T13:55:55.923Z", "professional": 32, "service": 11, "customer": 31, "status": "2"}}, {"model": "appointment.schedule", "pk": 12, "fields": {"date_time": "2025-07-06T21:01:44.493Z", "professional": 22, "service": 2, "customer": 30, "status": "3"}}, {"model": "appointment.schedule", "pk": 13, "fields": {"date_time": "2025-01-22T14:57:47.161Z", "professional": 34, "service": 17, "customer": 20, "status": "3"}}, {"model": "appointment.schedule", "pk": 14, "fields": {"date_time": "2025-08-06T07:58:33.467Z", "professional": 17, "service": 7, "customer": 5, "status": "1"}}, {"model": "appointment.schedule", "pk": 15, "fields": {"date_time": "2025-02-25T04:30:47.300Z", "professional": 17, "service": 11, "customer": 4, "status": "2"}}, {"model": "appointment.schedule", "pk": 16, "fields": {"date_time": "2025-07-12T08:40:26.217Z", "professional": 38, "service": 17, "customer": 34, "status": "1"}}, {"model": "appointment.schedule", "pk": 17, "fields": {"date_time": "2025-03-07T02:21:54.927Z", "professional": 12, "service": 11, "customer": 39, "status": "3"}}, {"model": "appointment.schedule", "pk": 18, "fields": {"date_time": "2025-05-19T12:32:39.338Z", "professional": 8, "service": 16, "customer": 14, "status": "3"}}, {"model": "appointment.schedule", "pk": 19, "fields": {"date_time": "2025-07-29T04:44:24.188Z", "professional": 19, "service": 6, "customer": 18, "status": "2"}}, {"model": "appointment.schedule", "pk": 20, "fields": {"date_time": "2025-08-08T09:52:04.191Z", "professional": 20, "service": 15, "customer": 8, "status": "3"}}, {"model": "appointment.schedule", "pk": 21, "fields": {"date_time": "2025-02-01T02:03:39.613Z", "professional": 15, "service": 12, "customer": 13, "status": "2"}}, {"model": "appointment.schedule", "pk": 22, "fields": {"date_time": "2025-03-07T05:31:30.574Z", "professional": 12, "service": 5, "customer": 10, "status": "3"}}, {"model": "appointment.schedule", "pk": 23, "fields": {"date_time": "2025-04-28T13:13:34.291Z", "professional": 7, "service": 4, "customer": 33, "status": "3"}}, {"model": "appointment.schedule", "pk": 24, "fields": {"date_time": "2025-06-04T09:13:31.433Z", "professional": 2, "service": 14, "customer": 34, "status": "3"}}, {"model": "appointment.schedule", "pk": 25, "fields": {"date_time": "2025-05-20T23:23:07.806Z", "professional": 8, "service": 18, "customer": 9, "status": "3"}}, {"model": "appointment.schedule", "pk": 26, "fields": {"date_time": "2025-01-05T15:27:14.693Z", "professional": 18, "service": 2, "customer": 22, "status": "3"}}, {"model": "appointment.schedule", "pk": 27, "fields": {"date_time": "2025-03-25T07:57:09.159Z", "professional": 38, "service": 19, "customer": 3, "status": "1"}}, {"model": "appointment.schedule", "pk": 28, "fields": {"date_time": "2025-03-26T03:55:19.767Z", "professional": 24, "service": 16, "customer": 26, "status": "1"}}, {"model": "appointment.schedule", "pk": 29, "fields": {"date_time": "2025-05-20T19:02:24.330Z", "professional": 6, "service": 14, "customer": 11, "status": "2"}}, {"model": "appointment.schedule", "pk": 30, "fields": {"date_time": "2025-08-05T22:03:52.396Z", "professional": 2, "service": 13, "customer": 13, "status": "1"}}, {"model": "appointment.schedule", "pk": 31, "fields": {"date_time": "2025-07-05T01:46:57.325Z", "professional": 18, "service": 2, "customer": 28, "status": "3"}}, {"model": "appointment.schedule", "pk": 32, "fields": {"date_time": "2025-06-28T17:01:20.207Z", "professional": 40, "service": 11, "customer": 27, "status": "3"}}, {"model": "appointment.schedule", "pk": 33, "fields": {"date_time": "2025-01-22T14:01:07.232Z", "professional": 20, "service": 4, "customer": 3, "status": "2"}}, {"model": "appointment.schedule", "pk": 34, "fields": {"date_time": "2025-08-05T08:39:04.973Z", "professional": 31, "service": 2, "customer": 9, "status": "1"}}, {"model": "appointment.schedule", "pk": 35, "fields": {"date_time": "2025-01-22T00:13:33.704Z", "professional": 9, "service": 8, "customer": 22, "status": "3"}}, {"model": "appointment.schedule", "pk": 36, "fields": {"date_time": "2025-03-06T17:42:07.071Z", "professional": 22, "service": 17, "customer": 23, "status": "1"}}, {"model": "appointment.schedule", "pk": 37, "fields": {"date_time": "2025-03-17T16:15:39.774Z", "professional": 10, "service": 11, "customer": 32, "status": "2"}}, {"model": "appointment.schedule", "pk": 38, "fields": {"date_time": "2025-01-25T21:16:24.110Z", "professional": 34, "service": 15, "customer": 32, "status": "1"}}, {"model": "appointment.schedule", "pk": 39, "fields": {"date_time": "2025-01-01T20:22:48.977Z", "professional": 19, "service": 8, "customer": 3, "status": "2"}}, {"model": "appointment.schedule", "pk": 40, "fields": {"date_time": "2025-05-20T08:10:29.928Z", "professional": 18, "service": 15, "customer": 4, "status": "3"}}, {"model": "appointment.schedule", "pk": 41, "fields": {"date_time": "2025-06-28T06:26:28.400Z", "professional": 9, "service": 10, "customer": 11, "status": "3"}}, {"model": "appointment.schedule", "pk": 42, "fields": {"date_time": "2025-06-22T00:58:29.176Z", "professional": 7, "service": 11, "customer": 12, "status": "2"}}, {"model": "appointment.schedule", "pk": 43, "fields": {"date_time": "2025-07-06T11:39:11.815Z", "professional": 35, "service": 19, "customer": 13, "status": "1"}}, {"model": "appointment.schedule", "pk": 44, "fields": {"date_time": "2025-06-16T04:43:51.933Z", "professional": 27, "service": 7, "customer": 22, "status": "2"}}, {"model": "appointment.schedule", "pk": 45, "fields": {"date_time": "2025-01-13T07:41:35.371Z", "professional": 20, "service": 6, "customer": 18, "status": "3"}}, {"model": "appointment.schedule", "pk": 46, "fields": {"date_time": "2025-06-08T10:44:57.522Z", "professional": 13, "service": 5, "customer": 3, "status": "3"}}, {"model": "appointment.schedule", "pk": 47, "fields": {"date_time": "2025-02-23T20:10:41.954Z", "professional": 29, "service": 20, "customer": 6, "status": "1"}}, {"model": "appointment.schedule", "pk": 48, "fields": {"date_time": "2025-06-10T22:13:14.071Z", "professional": 5, "service": 12, "customer": 12, "status": "3"}}, {"model": "appointment.schedule", "pk": 49, "fields": {"date_time": "2025-02-24T11:47:05.518Z", "professional": 6, "service": 16, "customer": 20, "status": "1"}}, {"model": "appointment.schedule", "pk": 50, "fields": {"date_time": "2025-01-11T10:30:57.388Z", "professional": 25, "service": 10, "customer": 3, "status": "2"}}, {"model": "appointment.schedule", "pk": 51, "fields": {"date_time": "2025-04-17T00:59:18.804Z", "professional": 15, "service": 16, "customer": 22, "status": "3"}}, {"model": "appointment.schedule", "pk": 52, "fields": {"date_time": "2025-08-03T23:41:36.913Z", "professional": 19, "service": 12, "customer": 1, "status": "3"}}, {"model": "appointment.schedule", "pk": 53, "fields": {"date_time": "2025-02-09T08:38:57.663Z", "professional": 39, "service": 14, "customer": 35, "status": "1"}}, {"model": "appointment.schedule", "pk": 54, "fields": {"date_time": "2025-03-11T10:21:50.435Z", "professional": 20, "service": 8, "customer": 28, "status": "1"}}, {"model": "appointment.schedule", "pk": 55, "fields": {"date_time": "2025-06-02T06:11:37.946Z", "professional": 3, "service": 1, "customer": 18, "status": "1"}}, {"model": "appointment.schedule", "pk": 56, "fields": {"date_time": "2025-07-15T22:48:50.679Z", "professional": 9, "service": 19, "customer": 20, "status": "2"}}, {"model": "appointment.schedule", "pk": 57, "fields": {"date_time": "2025-08-04T15:51:07.374Z", "professional": 7, "service": 19, "customer": 30, "status": "2"}}, {"model": "appointment.schedule", "pk": 58, "fields": {"date_time": "2025-08-02T01:50:17.415Z", "professional": 17, "service": 9, "customer": 31, "status": "1"}}, {"model": "appointment.schedule", "pk": 59, "fields": {"date_time": "2025-03-31T01:53:04.262Z", "professional": 14, "service": 5, "customer": 27, "status": "3"}}, {"model": "appointment.schedule", "pk": 60, "fields": {"date_time": "2025-01-28T17:30:18.696Z", "professional": 25, "service": 19, "customer": 36, "status": "2"}}, {"model": "appointment.schedule", "pk": 61, "fields": {"date_time": "2025-02-22T22:40:00.131Z", "professional": 27, "service": 16, "customer": 34, "status": "1"}}, {"model": "appointment.schedule", "pk": 62, "fields": {"date_time": "2025-07-24T14:32:38.905Z", "professional": 35, "service": 11, "customer": 26, "status": "2"}}, {"model": "appointment.schedule", "pk": 63, "fields": {"date_time": "2025-04-03T14:11:28.649Z", "professional": 18, "service": 18, "customer": 17, "status": "1"}}, {"model": "appointment.schedule", "pk": 64, "fields": {"date_time": "2025-02-23T16:11:18.866Z", "professional": 13, "service": 1, "customer": 17, "status": "1"}}, {"model": "appointment.schedule", "pk": 65, "fields": {"date_time": "2025-01-16T14:48:31.046Z", "professional": 21, "service": 4, "customer": 1, "status": "3"}}, {"model": "appointment.schedule", "pk": 66, "fields": {"date_time": "2025-06-29T18:26:50.328Z", "professional": 25, "service": 10, "customer": 17, "status": "3"}}, {"model": "appointment.schedule", "pk": 67, "fields": {"date_time": "2025-02-15T12:38:22.619Z", "professional": 19, "service": 6, "customer": 30, "status": "2"}}, {"model": "appointment.schedule", "pk": 68, "fields": {"date_time": "2025-03-24T16:27:56.615Z", "professional": 17, "service": 2, "customer": 24, "status": "1"}}, {"model": "appointment.schedule", "pk": 69, "fields": {"date_time": "2025-07-27T04:10:42.340Z", "professional": 7, "service": 17, "customer": 23, "status": "3"}}, {"model": "appointment.schedule", "pk": 70, "fields": {"date_time": "2025-06-25T11:10:17.145Z", "professional": 39, "service": 20, "customer": 9, "status": "2"}}, {"model": "appointment.schedule", "pk": 71, "fields": {"date_time": "2025-01-31T01:47:38.908Z", "professional": 26, "service": 9, "customer": 24, "status": "1"}}, {"model": "appointment.schedule", "pk": 72, "fields": {"date_time": "2025-02-13T12:11:56.193Z", "professional": 28, "service": 12, "customer": 39, "status": "1"}}, {"model": "appointment.schedule", "pk": 73, "fields": {"date_time": "2025-01-24T02:59:59.393Z", "professional": 36, "service": 20, "customer": 28, "status": "1"}}, {"model": "appointment.schedule", "pk": 74, "fields": {"date_time": "2025-02-19T02:30:00.115Z", "professional": 20, "service": 16, "customer": 39, "status": "1"}}, {"model": "appointment.schedule", "pk": 75, "fields": {"date_time": "2025-06-04T17:23:19.110Z", "professional": 19, "service": 4, "customer": 39, "status": "2"}}, {"model": "appointment.schedule", "pk": 76, "fields": {"date_time": "2025-01-15T20:54:04.885Z", "professional": 36, "service": 7, "customer": 10, "status": "1"}}, {"model": "appointment.schedule", "pk": 77, "fields": {"date_time": "2025-07-15T15:39:30.035Z", "professional": 34, "service": 2, "customer": 32, "status": "1"}}, {"model": "appointment.schedule", "pk": 78, "fields": {"date_time": "2025-04-06T01:10:52.914Z", "professional": 31, "service": 19, "customer": 19, "status": "2"}}, {"model": "appointment.schedule", "pk": 79, "fields": {"date_time": "2025-03-29T18:52:54.248Z", "professional": 12, "service": 15, "customer": 2, "status": "2"}}, {"model": "appointment.schedule", "pk": 80, "fields": {"date_time": "2025-05-21T05:16:23.258Z", "professional": 12, "service": 6, "customer": 30, "status": "1"}}, {"model": "appointment.schedule", "pk": 81, "fields": {"date_time": "2025-03-16T03:16:41.324Z", "professional": 26, "service": 2, "customer": 16, "status": "2"}}, {"model": "appointment.schedule", "pk": 82, "fields": {"date_time": "2025-03-27T02:20:38.816Z", "professional": 15, "service": 5, "customer": 31, "status": "3"}}, {"model": "appointment.schedule", "pk": 83, "fields": {"date_time": "2025-01-02T03:57:45.655Z", "professional": 38, "service": 7, "customer": 34, "status": "1"}}, {"model": "appointment.schedule", "pk": 84, "fields": {"date_time": "2025-01-22T18:02:35.075Z", "professional": 39, "service": 14, "customer": 33, "status": "3"}}, {"model": "appointment.schedule", "pk": 85, "fields": {"date_time": "2025-05-01T07:26:49.743Z", "professional": 14, "service": 10, "customer": 38, "status": "3"}}, {"model": "appointment.schedule", "pk": 86, "fields": {"date_time": "2025-05-19T16:31:33.766Z", "professional": 9, "service": 6, "customer": 17, "status": "3"}}, {"model": "appointment.schedule", "pk": 87, "fields": {"date_time": "2025-07-13T06:02:10.627Z", "professional": 15, "service": 13, "customer": 35, "status": "3"}}, {"model": "appointment.schedule", "pk": 88, "fields": {"date_time": "2025-02-22T00:49:56.101Z", "professional": 35, "service": 12, "customer": 40, "status": "3"}}, {"model": "appointment.schedule", "pk": 89, "fields": {"date_time": "2025-02-28T19:36:29.807Z", "professional": 37, "service": 18, "customer": 18, "status": "1"}}, {"model": "appointment.schedule", "pk": 90, "fields": {"date_time": "2025-02-09T05:18:27.682Z", "professional": 37, "service": 14, "customer": 3, "status": "1"}}, {"model": "appointment.schedule", "pk": 91, "fields": {"date_time": "2025-05-11T22:47:50.575Z", "professional": 13, "service": 11, "customer": 26, "status": "2"}}, {"model": "appointment.schedule", "pk": 92, "fields": {"date_time": "2025-06-08T01:31:09.050Z", "professional": 35, "service": 18, "customer": 14, "status": "1"}}, {"model": "appointment.schedule", "pk": 93, "fields": {"date_time": "2025-03-30T04:43:05.923Z", "professional": 28, "service": 3, "customer": 8, "status": "1"}}, {"model": "appointment.schedule", "pk": 94, "fields": {"date_time": "2025-05-11T05:07:21.277Z", "professional": 7, "service": 6, "customer": 4, "status": "2"}}, {"model": "appointment.schedule", "pk": 95, "fields": {"date_time": "2025-05-03T20:52:16.665Z", "professional": 27, "service": 19, "customer": 23, "status": "2"}}, {"model": "appointment.schedule", "pk": 96, "fields": {"date_time": "2025-06-14T14:52:22.504Z", "professional": 18, "service": 8, "customer": 20, "status": "1"}}, {"model": "appointment.schedule", "pk": 97, "fields": {"date_time": "2025-03-28T05:41:09.537Z", "professional": 5, "service": 13, "customer": 39, "status": "3"}}, {"model": "appointment.schedule", "pk": 98, "fields": {"date_time": "2025-01-20T15:29:44.219Z", "professional": 37, "service": 19, "customer": 19, "status": "3"}}, {"model": "appointment.schedule", "pk": 99, "fields": {"date_time": "2025-04-25T20:50:55.844Z", "professional": 25, "service": 3, "customer": 24, "status": "3"}}, {"model": "appointment.schedule", "pk": 100, "fields": {"date_time": "2025-03-26T13:48:41.152Z", "professional": 34, "service": 8, "customer": 20, "status": "3"}}, {"model": "appointment.schedule", "pk": 101, "fields": {"date_time": "2025-06-21T10:45:31.389Z", "professional": 5, "service": 4, "customer": 27, "status": "2"}}, {"model": "appointment.schedule", "pk": 102, "fields": {"date_time": "2025-02-15T12:10:13.651Z", "professional": 4, "service": 12, "customer": 30, "status": "3"}}, {"model": "appointment.schedule", "pk": 103, "fields": {"date_time": "2025-03-03T05:31:27.815Z", "professional": 21, "service": 2, "customer": 37, "status": "2"}}, {"model": "appointment.schedule", "pk": 104, "fields": {"date_time": "2025-06-23T20:48:45.935Z", "professional": 7, "service": 12, "customer": 40, "status": "3"}}, {"model": "appointment.schedule", "pk": 105, "fields": {"date_time": "2025-01-15T02:12:18.829Z", "professional": 34, "service": 18, "customer": 20, "status": "3"}}, {"model": "appointment.schedule", "pk": 106, "fields": {"date_time": "2025-04-20T16:27:19.868Z", "professional": 30, "service": 10, "customer": 6, "status": "1"}}, {"model": "appointment.schedule", "pk": 107, "fields": {"date_time": "2025-02-04T12:43:07.714Z", "professional": 9, "service": 13, "customer": 26, "status": "3"}}, {"model": "appointment.schedule", "pk": 108, "fields": {"date_time": "2025-02-15T00:37:59.594Z", "professional": 20, "service": 5, "customer": 21, "status": "2"}}, {"model": "appointment.schedule", "pk": 109, "fields": {"date_time": "2025-03-26T19:12:07.628Z", "professional": 2, "service": 12, "customer": 27, "status": "1"}}, {"model": "appointment.schedule", "pk": 110, "fields": {"date_time": "2025-03-17T21:12:27.631Z", "professional": 3, "service": 14, "customer": 8, "status": "1"}}, {"model": "appointment.schedule", "pk": 111, "fields": {"date_time": "2025-07-19T20:44:42.899Z", "professional": 20, "service": 13, "customer": 23, "status": "2"}}, {"model": "appointment.schedule", "pk": 112, "fields": {"date_time": "2025-06-22T17:24:28.372Z", "professional": 13, "service": 11, "customer": 12, "status": "3"}}, {"model": "appointment.schedule", "pk": 113, "fields": {"date_time": "2025-04-07T23:07:06.743Z", "professional": 39, "service": 15, "customer": 10, "status": "1"}}, {"model": "appointment.schedule", "pk": 114, "fields": {"date_time": "2025-01-30T01:20:34.585Z", "professional": 12, "service": 17, "customer": 15, "status": "2"}}, {"model": "appointment.schedule", "pk": 115, "fields": {"date_time": "2025-05-09T22:27:35.490Z", "professional": 5, "service": 19, "customer": 4, "status": "3"}}, {"model": "appointment.schedule", "pk": 116, "fields": {"date_time": "2025-06-27T20:50:23.159Z", "professional": 17, "service": 16, "customer": 36, "status": "1"}}, {"model": "appointment.schedule", "pk": 117, "fields": {"date_time": "2025-04-04T15:27:52.562Z", "professional": 34, "service": 3, "customer": 30, "status": "1"}}, {"model": "appointment.schedule", "pk": 118, "fields": {"date_time": "2025-06-01T21:44:37.000Z", "professional": 18, "service": 9, "customer": 7, "status": "3"}}, {"model": "appointment.schedule", "pk": 119, "fields": {"date_time": "2025-02-15T00:57:22.803Z", "professional": 13, "service": 6, "customer": 15, "status": "3"}}, {"model": "appointment.schedule", "pk": 120, "fields": {"date_time": "2025-05-19T07:39:05.580Z", "professional": 8, "service": 1, "customer": 7, "status": "3"}}, {"model": "appointment.schedule", "pk": 121, "fields": {"date_time": "2025-07-29T07:36:00.093Z", "professional": 24, "service": 19, "customer": 37, "status": "3"}}, {"model": "appointment.schedule", "pk": 122, "fields": {"date_time": "2025-08-06T06:14:18.325Z", "professional": 15, "service": 7, "customer": 1, "status": "1"}}, {"model": "appointment.schedule", "pk": 123, "fields": {"date_time": "2025-05-19T11:20:18.342Z", "professional": 22, "service": 18, "customer": 1, "status": "2"}}, {"model": "appointment.schedule", "pk": 124, "fields": {"date_time": "2025-01-01T20:51:38.975Z", "professional": 37, "service": 1, "customer": 13, "status": "3"}}, {"model": "appointment.schedule", "pk": 125, "fields": {"date_time": "2025-06-02T01:00:10.703Z", "professional": 10, "service": 9, "customer": 37, "status": "1"}}, {"model": "appointment.schedule", "pk": 126, "fields": {"date_time": "2025-03-24T06:37:03.680Z", "professional": 8, "service": 1, "customer": 28, "status": "3"}}, {"model": "appointment.schedule", "pk": 127, "fields": {"date_time": "2025-01-31T22:24:00.561Z", "professional": 34, "service": 17, "customer": 4, "status": "3"}}, {"model": "appointment.schedule", "pk": 128, "fields": {"date_time": "2025-02-02T04:34:37.242Z", "professional": 5, "service": 4, "customer": 14, "status": "3"}}, {"model": "appointment.schedule", "pk": 129, "fields": {"date_time": "2025-04-16T21:59:51.127Z", "professional": 39, "service": 14, "customer": 20, "status": "3"}}, {"model": "appointment.schedule", "pk": 130, "fields": {"date_time": "2025-03-24T06:04:31.271Z", "professional": 33, "service": 7, "customer": 18, "status": "2"}}, {"model": "appointment.schedule", "pk": 131, "fields": {"date_time": "2025-03-14T07:11:18.392Z", "professional": 33, "service": 17, "customer": 39, "status": "1"}}, {"model": "appointment.schedule", "pk": 132, "fields": {"date_time": "2025-01-03T04:27:29.533Z", "professional": 18, "service": 1, "customer": 21, "status": "3"}}, {"model": "appointment.schedule", "pk": 133, "fields": {"date_time": "2025-04-06T18:43:02.263Z", "professional": 9, "service": 14, "customer": 24, "status": "1"}}, {"model": "appointment.schedule", "pk": 134, "fields": {"date_time": "2025-05-21T01:40:27.244Z", "professional": 10, "service": 16, "customer": 24, "status": "1"}}, {"model": "appointment.schedule", "pk": 135, "fields": {"date_time": "2025-07-23T13:16:49.555Z", "professional": 1, "service": 8, "customer": 12, "status": "1"}}, {"model": "appointment.schedule", "pk": 136, "fields": {"date_time": "2025-03-16T04:28:18.387Z", "professional": 15, "service": 6, "customer": 26, "status": "1"}}, {"model": "appointment.schedule", "pk": 137, "fields": {"date_time": "2025-01-05T06:50:49.925Z", "professional": 23, "service": 2, "customer": 28, "status": "2"}}, {"model": "appointment.schedule", "pk": 138, "fields": {"date_time": "2025-04-26T16:39:57.231Z", "professional": 24, "service": 2, "customer": 22, "status": "2"}}, {"model": "appointment.schedule", "pk": 139, "fields": {"date_time": "2025-05-26T04:35:03.552Z", "professional": 33, "service": 17, "customer": 4, "status": "1"}}, {"model": "appointment.schedule", "pk": 140, "fields": {"date_time": "2025-05-10T14:01:51.924Z", "professional": 1, "service": 9, "customer": 17, "status": "1"}}, {"model": "appointment.schedule", "pk": 141, "fields": {"date_time": "2025-02-03T17:42:17.301Z", "professional": 23, "service": 8, "customer": 23, "status": "3"}}, {"model": "appointment.schedule", "pk": 142, "fields": {"date_time": "2025-04-13T20:47:04.123Z", "professional": 18, "service": 2, "customer": 38, "status": "1"}}, {"model": "appointment.schedule", "pk": 143, "fields": {"date_time": "2025-03-08T18:42:15.999Z", "professional": 36, "service": 17, "customer": 25, "status": "2"}}, {"model": "appointment.schedule", "pk": 144, "fields": {"date_time": "2025-06-01T03:38:31.950Z", "professional": 8, "service": 9, "customer": 24, "status": "1"}}, {"model": "appointment.schedule", "pk": 145, "fields": {"date_time": "2025-06-27T15:24:52.607Z", "professional": 11, "service": 5, "customer": 12, "status": "1"}}, {"model": "appointment.schedule", "pk": 146, "fields": {"date_time": "2025-03-03T16:32:33.520Z", "professional": 12, "service": 16, "customer": 40, "status": "3"}}, {"model": "appointment.schedule", "pk": 147, "fields": {"date_time": "2025-05-19T14:23:37.919Z", "professional": 28, "service": 14, "customer": 29, "status": "3"}}, {"model": "appointment.schedule", "pk": 148, "fields": {"date_time": "2025-02-19T03:05:55.531Z", "professional": 19, "service": 19, "customer": 21, "status": "1"}}, {"model": "appointment.schedule", "pk": 149, "fields": {"date_time": "2025-01-31T06:35:23.607Z", "professional": 15, "service": 3, "customer": 29, "status": "3"}}, {"model": "appointment.schedule", "pk": 150, "fields": {"date_time": "2025-07-05T03:40:33.007Z", "professional": 34, "service": 1, "customer": 27, "status": "2"}}, {"model": "appointment.schedule", "pk": 151, "fields": {"date_time": "2025-07-09T08:14:42.566Z", "professional": 6, "service": 15, "customer": 30, "status": "3"}}, {"model": "appointment.schedule", "pk": 152, "fields": {"date_time": "2025-05-17T17:50:05.401Z", "professional": 13, "service": 9, "customer": 35, "status": "1"}}, {"model": "appointment.schedule", "pk": 153, "fields": {"date_time": "2025-03-18T01:01:01.343Z", "professional": 30, "service": 10, "customer": 6, "status": "3"}}, {"model": "appointment.schedule", "pk": 154, "fields": {"date_time": "2025-07-03T22:37:15.706Z", "professional": 16, "service": 18, "customer": 32, "status": "2"}}, {"model": "appointment.schedule", "pk": 155, "fields": {"date_time": "2025-03-24T03:22:45.136Z", "professional": 37, "service": 16, "customer": 37, "status": "2"}}, {"model": "appointment.schedule", "pk": 156, "fields": {"date_time": "2025-02-26T05:32:04.208Z", "professional": 5, "service": 1, "customer": 5, "status": "1"}}, {"model": "appointment.schedule", "pk": 157, "fields": {"date_time": "2025-07-24T18:58:24.324Z", "professional": 32, "service": 1, "customer": 10, "status": "2"}}, {"model": "appointment.schedule", "pk": 158, "fields": {"date_time": "2025-04-28T01:34:45.819Z", "professional": 20, "service": 20, "customer": 4, "status": "1"}}, {"model": "appointment.schedule", "pk": 159, "fields": {"date_time": "2025-04-30T19:18:34.132Z", "professional": 18, "service": 13, "customer": 39, "status": "3"}}, {"model": "appointment.schedule", "pk": 160, "fields": {"date_time": "2025-07-23T07:36:03.874Z", "professional": 10, "service": 16, "customer": 30, "status": "3"}}, {"model": "appointment.schedule", "pk": 161, "fields": {"date_time": "2025-05-11T21:13:15.129Z", "professional": 2, "service": 15, "customer": 19, "status": "1"}}, {"model": "appointment.schedule", "pk": 162, "fields": {"date_time": "2025-08-05T23:07:36.431Z", "professional": 2, "service": 6, "customer": 38, "status": "2"}}, {"model": "appointment.schedule", "pk": 163, "fields": {"date_time": "2025-02-16T03:16:39.368Z", "professional": 17, "service": 6, "customer": 3, "status": "3"}}, {"model": "appointment.schedule", "pk": 164, "fields": {"date_time": "2025-01-01T18:11:44.805Z", "professional": 39, "service": 17, "customer": 10, "status": "1"}}, {"model": "appointment.schedule", "pk": 165, "fields": {"date_time": "2025-02-09T14:03:04.549Z", "professional": 29, "service": 16, "customer": 31, "status": "3"}}, {"model": "appointment.schedule", "pk": 166, "fields": {"date_time": "2025-02-23T19:23:23.729Z", "professional": 3, "service": 17, "customer": 21, "status": "1"}}, {"model": "appointment.schedule", "pk": 167, "fields": {"date_time": "2025-08-08T09:46:43.470Z", "professional": 19, "service": 5, "customer": 16, "status": "2"}}, {"model": "appointment.schedule", "pk": 168, "fields": {"date_time": "2025-03-19T11:39:31.852Z", "professional": 13, "service": 6, "customer": 26, "status": "1"}}, {"model": "appointment.schedule", "pk": 169, "fields": {"date_time": "2025-03-23T08:07:13.745Z", "professional": 31, "service": 16, "customer": 20, "status": "3"}}, {"model": "appointment.schedule", "pk": 170, "fields": {"date_time": "2025-05-10T01:41:44.014Z", "professional": 27, "service": 11, "customer": 29, "status": "2"}}, {"model": "appointment.schedule", "pk": 171, "fields": {"date_time": "2025-01-19T13:52:10.143Z", "professional": 25, "service": 18, "customer": 32, "status": "1"}}, {"model": "appointment.schedule", "pk": 172, "fields": {"date_time": "2025-01-08T15:03:35.376Z", "professional": 39, "service": 16, "customer": 25, "status": "1"}}, {"model": "appointment.schedule", "pk": 173, "fields": {"date_time": "2025-05-15T15:08:13.823Z", "professional": 7, "service": 1, "customer": 27, "status": "1"}}, {"model": "appointment.schedule", "pk": 174, "fields": {"date_time": "2025-04-26T06:03:01.824Z", "professional": 22, "service": 5, "customer": 39, "status": "2"}}, {"model": "appointment.schedule", "pk": 175, "fields": {"date_time": "2025-04-03T23:38:02.332Z", "professional": 13, "service": 7, "customer": 29, "status": "1"}}, {"model": "appointment.schedule", "pk": 176, "fields": {"date_time": "2025-04-28T07:19:40.363Z", "professional": 9, "service": 1, "customer": 1, "status": "3"}}, {"model": "appointment.schedule", "pk": 177, "fields": {"date_time": "2025-05-28T03:06:40.855Z", "professional": 12, "service": 20, "customer": 25, "status": "3"}}, {"model": "appointment.schedule", "pk": 178, "fields": {"date_time": "2025-05-02T12:47:28.897Z", "professional": 31, "service": 12, "customer": 5, "status": "3"}}, {"model": "appointment.schedule", "pk": 179, "fields": {"date_time": "2025-01-06T01:08:08.281Z", "professional": 21, "service": 10, "customer": 29, "status": "1"}}, {"model": "appointment.schedule", "pk": 180, "fields": {"date_time": "2025-07-28T02:27:20.515Z", "professional": 36, "service": 10, "customer": 26, "status": "1"}}, {"model": "appointment.schedule", "pk": 181, "fields": {"date_time": "2025-04-16T11:29:05.832Z", "professional": 37, "service": 9, "customer": 18, "status": "3"}}, {"model": "appointment.schedule", "pk": 182, "fields": {"date_time": "2025-02-05T08:56:46.224Z", "professional": 39, "service": 1, "customer": 19, "status": "2"}}, {"model": "appointment.schedule", "pk": 183, "fields": {"date_time": "2025-03-07T14:32:39.873Z", "professional": 25, "service": 15, "customer": 8, "status": "1"}}, {"model": "appointment.schedule", "pk": 184, "fields": {"date_time": "2025-07-29T08:40:05.863Z", "professional": 38, "service": 8, "customer": 7, "status": "3"}}, {"model": "appointment.schedule", "pk": 185, "fields": {"date_time": "2025-02-22T13:47:35.953Z", "professional": 1, "service": 18, "customer": 32, "status": "2"}}, {"model": "appointment.schedule", "pk": 186, "fields": {"date_time": "2025-05-01T15:32:28.025Z", "professional": 39, "service": 12, "customer": 7, "status": "3"}}, {"model": "appointment.schedule", "pk": 187, "fields": {"date_time": "2025-03-03T15:45:32.316Z", "professional": 32, "service": 4, "customer": 18, "status": "1"}}, {"model": "appointment.schedule", "pk": 188, "fields": {"date_time": "2025-05-14T15:27:46.164Z", "professional": 19, "service": 12, "customer": 38, "status": "2"}}, {"model": "appointment.schedule", "pk": 189, "fields": {"date_time": "2025-01-13T10:24:28.958Z", "professional": 11, "service": 18, "customer": 12, "status": "1"}}, {"model": "appointment.schedule", "pk": 190, "fields": {"date_time": "2025-07-24T22:04:23.182Z", "professional": 31, "service": 5, "customer": 26, "status": "2"}}, {"model": "appointment.schedule", "pk": 191, "fields": {"date_time": "2025-04-05T01:00:38.386Z", "professional": 40, "service": 2, "customer": 32, "status": "2"}}, {"model": "appointment.schedule", "pk": 192, "fields": {"date_time": "2025-05-27T16:06:34.217Z", "professional": 3, "service": 2, "customer": 25, "status": "2"}}, {"model": "appointment.schedule", "pk": 193, "fields": {"date_time": "2025-02-12T06:15:08.956Z", "professional": 28, "service": 6, "customer": 1, "status": "3"}}, {"model": "appointment.schedule", "pk": 194, "fields": {"date_time": "2025-06-14T04:44:06.698Z", "professional": 35, "service": 13, "customer": 24, "status": "3"}}, {"model": "appointment.schedule", "pk": 195, "fields": {"date_time": "2025-08-07T03:15:10.310Z", "professional": 34, "service": 7, "customer": 4, "status": "1"}}, {"model": "appointment.schedule", "pk": 196, "fields": {"date_time": "2025-07-10T02:48:13.187Z", "professional": 37, "service": 12, "customer": 8, "status": "3"}}, {"model": "appointment.schedule", "pk": 197, "fields": {"date_time": "2025-01-17T23:43:40.578Z", "professional": 23, "service": 1, "customer": 8, "status": "3"}}, {"model": "appointment.schedule", "pk": 198, "fields": {"date_time": "2025-07-05T20:40:29.744Z", "professional": 32, "service": 10, "customer": 22, "status": "3"}}, {"model": "appointment.schedule", "pk": 199, "fields": {"date_time": "2025-08-05T10:30:28.089Z", "professional": 18, "service": 4, "customer": 40, "status": "3"}}, {"model": "appointment.schedule", "pk": 200, "fields": {"date_time": "2025-02-28T03:39:24.605Z", "professional": 18, "service": 2, "customer": 17, "status": "2"}}, {"model": "appointment.schedule", "pk": 201, "fields": {"date_time": "2025-08-06T13:58:42.466Z", "professional": 8, "service": 4, "customer": 2, "status": "1"}}, {"model": "appointment.schedule", "pk": 202, "fields": {"date_time": "2025-07-21T05:13:18.696Z", "professional": 24, "service": 9, "customer": 38, "status": "1"}}, {"model": "appointment.schedule", "pk": 203, "fields": {"date_time": "2025-06-10T12:17:58.416Z", "professional": 26, "service": 19, "customer": 1, "status": "1"}}, {"model": "appointment.schedule", "pk": 204, "fields": {"date_time": "2025-05-17T12:38:20.230Z", "professional": 6, "service": 10, "customer": 18, "status": "3"}}, {"model": "appointment.schedule", "pk": 205, "fields": {"date_time": "2025-04-21T17:18:13.222Z", "professional": 28, "service": 11, "customer": 20, "status": "2"}}, {"model": "appointment.schedule", "pk": 206, "fields": {"date_time": "2025-02-13T15:20:27.514Z", "professional": 28, "service": 20, "customer": 6, "status": "1"}}, {"model": "appointment.schedule", "pk": 207, "fields": {"date_time": "2025-07-18T08:26:27.257Z", "professional": 21, "service": 16, "customer": 29, "status": "2"}}, {"model": "appointment.schedule", "pk": 208, "fields": {"date_time": "2025-02-09T01:52:33.544Z", "professional": 22, "service": 1, "customer": 9, "status": "1"}}, {"model": "appointment.schedule", "pk": 209, "fields": {"date_time": "2025-04-03T02:32:09.892Z", "professional": 24, "service": 12, "customer": 38, "status": "3"}}, {"model": "appointment.schedule", "pk": 210, "fields": {"date_time": "2025-04-18T23:13:52.253Z", "professional": 40, "service": 13, "customer": 30, "status": "3"}}, {"model": "appointment.schedule", "pk": 211, "fields": {"date_time": "2025-01-23T06:41:05.034Z", "professional": 8, "service": 10, "customer": 28, "status": "2"}}, {"model": "appointment.schedule", "pk": 212, "fields": {"date_time": "2025-02-08T19:51:50.142Z", "professional": 23, "service": 12, "customer": 1, "status": "1"}}, {"model": "appointment.schedule", "pk": 213, "fields": {"date_time": "2025-05-30T12:23:19.720Z", "professional": 9, "service": 12, "customer": 32, "status": "2"}}, {"model": "appointment.schedule", "pk": 214, "fields": {"date_time": "2025-06-19T02:27:04.518Z", "professional": 33, "service": 9, "customer": 12, "status": "2"}}, {"model": "appointment.schedule", "pk": 215, "fields": {"date_time": "2025-06-09T16:33:41.502Z", "professional": 37, "service": 14, "customer": 25, "status": "1"}}, {"model": "appointment.schedule", "pk": 216, "fields": {"date_time": "2025-06-19T16:04:13.482Z", "professional": 35, "service": 7, "customer": 31, "status": "2"}}, {"model": "appointment.schedule", "pk": 217, "fields": {"date_time": "2025-05-17T18:59:22.027Z", "professional": 11, "service": 19, "customer": 21, "status": "1"}}, {"model": "appointment.schedule", "pk": 218, "fields": {"date_time": "2025-06-16T05:22:31.932Z", "professional": 38, "service": 7, "customer": 29, "status": "3"}}, {"model": "appointment.schedule", "pk": 219, "fields": {"date_time": "2025-03-31T22:25:19.085Z", "professional": 16, "service": 18, "customer": 39, "status": "2"}}, {"model": "appointment.schedule", "pk": 220, "fields": {"date_time": "2025-03-21T02:24:05.674Z", "professional": 21, "service": 10, "customer": 37, "status": "1"}}, {"model": "appointment.schedule", "pk": 221, "fields": {"date_time": "2025-02-07T11:04:12.068Z", "professional": 13, "service": 20, "customer": 10, "status": "1"}}, {"model": "appointment.schedule", "pk": 222, "fields": {"date_time": "2025-04-24T05:13:52.123Z", "professional": 11, "service": 7, "customer": 5, "status": "3"}}, {"model": "appointment.schedule", "pk": 223, "fields": {"date_time": "2025-04-24T10:41:49.921Z", "professional": 13, "service": 8, "customer": 36, "status": "2"}}, {"model": "appointment.schedule", "pk": 224, "fields": {"date_time": "2025-06-21T13:23:20.103Z", "professional": 15, "service": 17, "customer": 1, "status": "2"}}, {"model": "appointment.schedule", "pk": 225, "fields": {"date_time": "2025-02-19T05:16:24.928Z", "professional": 22, "service": 8, "customer": 16, "status": "1"}}, {"model": "appointment.schedule", "pk": 226, "fields": {"date_time": "2025-01-16T08:17:16.596Z", "professional": 3, "service": 5, "customer": 11, "status": "2"}}, {"model": "appointment.schedule", "pk": 227, "fields": {"date_time": "2025-03-24T03:50:20.314Z", "professional": 4, "service": 18, "customer": 14, "status": "2"}}, {"model": "appointment.schedule", "pk": 228, "fields": {"date_time": "2025-03-10T03:47:37.459Z", "professional": 37, "service": 12, "customer": 32, "status": "2"}}, {"model": "appointment.schedule", "pk": 229, "fields": {"date_time": "2025-05-29T10:35:36.733Z", "professional": 23, "service": 10, "customer": 33, "status": "3"}}, {"model": "appointment.schedule", "pk": 230, "fields": {"date_time": "2025-05-11T21:10:20.909Z", "professional": 17, "service": 13, "customer": 23, "status": "1"}}, {"model": "appointment.schedule", "pk": 231, "fields": {"date_time": "2025-01-19T17:03:52.618Z", "professional": 17, "service": 1, "customer": 32, "status": "3"}}, {"model": "appointment.schedule", "pk": 232, "fields": {"date_time": "2025-07-30T02:50:59.061Z", "professional": 5, "service": 8, "customer": 35, "status": "1"}}, {"model": "appointment.schedule", "pk": 233, "fields": {"date_time": "2025-01-14T16:35:51.976Z", "professional": 29, "service": 2, "customer": 31, "status": "2"}}, {"model": "appointment.schedule", "pk": 234, "fields": {"date_time": "2025-04-09T00:14:31.481Z", "professional": 9, "service": 17, "customer": 29, "status": "3"}}, {"model": "appointment.schedule", "pk": 235, "fields": {"date_time": "2025-02-05T19:17:24.622Z", "professional": 7, "service": 7, "customer": 38, "status": "1"}}, {"model": "appointment.schedule", "pk": 236, "fields": {"date_time": "2025-02-01T00:27:55.075Z", "professional": 11, "service": 10, "customer": 15, "status": "3"}}, {"model": "appointment.schedule", "pk": 237, "fields": {"date_time": "2025-02-17T01:55:00.544Z", "professional": 19, "service": 16, "customer": 16, "status": "2"}}, {"model": "appointment.schedule", "pk": 238, "fields": {"date_time": "2025-03-29T16:47:33.439Z", "professional": 21, "service": 16, "customer": 19, "status": "2"}}, {"model": "appointment.schedule", "pk": 239, "fields": {"date_time": "2025-04-19T08:04:24.811Z", "professional": 15, "service": 12, "customer": 34, "status": "3"}}, {"model": "appointment.schedule", "pk": 240, "fields": {"date_time": "2025-07-28T05:44:56.422Z", "professional": 7, "service": 1, "customer": 38, "status": "1"}}, {"model": "appointment.schedule", "pk": 241, "fields": {"date_time": "2025-01-08T05:54:14.251Z", "professional": 27, "service": 17, "customer": 38, "status": "1"}}, {"model": "appointment.schedule", "pk": 242, "fields": {"date_time": "2025-06-28T08:30:39.617Z", "professional": 10, "service": 19, "customer": 20, "status": "3"}}, {"model": "appointment.schedule", "pk": 243, "fields": {"date_time": "2025-06-13T23:49:07.903Z", "professional": 32, "service": 5, "customer": 27, "status": "2"}}, {"model": "appointment.schedule", "pk": 244, "fields": {"date_time": "2025-05-21T11:43:41.250Z", "professional": 19, "service": 9, "customer": 30, "status": "3"}}, {"model": "appointment.schedule", "pk": 245, "fields": {"date_time": "2025-05-19T04:12:49.561Z", "professional": 32, "service": 2, "customer": 8, "status": "3"}}, {"model": "appointment.schedule", "pk": 246, "fields": {"date_time": "2025-02-05T12:24:22.293Z", "professional": 35, "service": 10, "customer": 21, "status": "3"}}, {"model": "appointment.schedule", "pk": 247, "fields": {"date_time": "2025-04-07T13:10:52.065Z", "professional": 29, "service": 3, "customer": 28, "status": "1"}}, {"model": "appointment.schedule", "pk": 248, "fields": {"date_time": "2025-01-02T00:40:45.244Z", "professional": 2, "service": 8, "customer": 19, "status": "3"}}, {"model": "appointment.schedule", "pk": 249, "fields": {"date_time": "2025-04-10T04:29:34.177Z", "professional": 17, "service": 20, "customer": 33, "status": "2"}}, {"model": "appointment.schedule", "pk": 250, "fields": {"date_time": "2025-02-25T08:18:38.211Z", "professional": 9, "service": 15, "customer": 32, "status": "1"}}, {"model": "appointment.schedule", "pk": 251, "fields": {"date_time": "2025-06-17T17:48:25.894Z", "professional": 19, "service": 17, "customer": 17, "status": "2"}}, {"model": "appointment.schedule", "pk": 252, "fields": {"date_time": "2025-03-24T01:50:46.701Z", "professional": 2, "service": 8, "customer": 31, "status": "2"}}, {"model": "appointment.schedule", "pk": 253, "fields": {"date_time": "2025-06-11T13:18:08.482Z", "professional": 35, "service": 4, "customer": 4, "status": "1"}}, {"model": "appointment.schedule", "pk": 254, "fields": {"date_time": "2025-01-03T21:59:25.319Z", "professional": 8, "service": 7, "customer": 2, "status": "2"}}, {"model": "appointment.schedule", "pk": 255, "fields": {"date_time": "2025-05-03T00:30:20.360Z", "professional": 15, "service": 15, "customer": 11, "status": "1"}}, {"model": "appointment.schedule", "pk": 256, "fields": {"date_time": "2025-03-30T10:45:38.264Z", "professional": 39, "service": 4, "customer": 23, "status": "1"}}, {"model": "appointment.schedule", "pk": 257, "fields": {"date_time": "2025-01-14T08:53:12.977Z", "professional": 10, "service": 15, "customer": 29, "status": "1"}}, {"model": "appointment.schedule", "pk": 258, "fields": {"date_time": "2025-07-22T20:42:54.977Z", "professional": 18, "service": 2, "customer": 37, "status": "3"}}, {"model": "appointment.schedule", "pk": 259, "fields": {"date_time": "2025-01-08T04:17:51.181Z", "professional": 14, "service": 2, "customer": 12, "status": "1"}}, {"model": "appointment.schedule", "pk": 260, "fields": {"date_time": "2025-02-12T17:42:20.229Z", "professional": 29, "service": 6, "customer": 38, "status": "2"}}, {"model": "appointment.schedule", "pk": 261, "fields": {"date_time": "2025-06-03T13:51:06.602Z", "professional": 27, "service": 7, "customer": 25, "status": "2"}}, {"model": "appointment.schedule", "pk": 262, "fields": {"date_time": "2025-07-07T16:27:50.811Z", "professional": 30, "service": 7, "customer": 17, "status": "1"}}, {"model": "appointment.schedule", "pk": 263, "fields": {"date_time": "2025-05-22T01:58:55.366Z", "professional": 35, "service": 13, "customer": 9, "status": "2"}}, {"model": "appointment.schedule", "pk": 264, "fields": {"date_time": "2025-03-02T17:15:50.183Z", "professional": 23, "service": 6, "customer": 34, "status": "2"}}, {"model": "appointment.schedule", "pk": 265, "fields": {"date_time": "2025-01-06T20:35:55.444Z", "professional": 18, "service": 19, "customer": 36, "status": "2"}}, {"model": "appointment.schedule", "pk": 266, "fields": {"date_time": "2025-03-30T23:38:43.584Z", "professional": 4, "service": 2, "customer": 6, "status": "2"}}, {"model": "appointment.schedule", "pk": 267, "fields": {"date_time": "2025-01-12T16:05:59.210Z", "professional": 21, "service": 20, "customer": 30, "status": "1"}}, {"model": "appointment.schedule", "pk": 268, "fields": {"date_time": "2025-06-06T04:12:11.684Z", "professional": 2, "service": 7, "customer": 22, "status": "2"}}, {"model": "appointment.schedule", "pk": 269, "fields": {"date_time": "2025-04-28T16:28:02.869Z", "professional": 31, "service": 20, "customer": 16, "status": "1"}}, {"model": "appointment.schedule", "pk": 270, "fields": {"date_time": "2025-05-07T20:07:37.389Z", "professional": 16, "service": 3, "customer": 20, "status": "2"}}, {"model": "appointment.schedule", "pk": 271, "fields": {"date_time": "2025-01-17T12:17:43.356Z", "professional": 38, "service": 9, "customer": 27, "status": "1"}}, {"model": "appointment.schedule", "pk": 272, "fields": {"date_time": "2025-03-17T16:18:19.930Z", "professional": 8, "service": 18, "customer": 13, "status": "3"}}, {"model": "appointment.schedule", "pk": 273, "fields": {"date_time": "2025-03-29T06:39:34.586Z", "professional": 16, "service": 13, "customer": 22, "status": "1"}}, {"model": "appointment.schedule", "pk": 274, "fields": {"date_time": "2025-05-18T22:18:35.241Z", "professional": 8, "service": 1, "customer": 37, "status": "2"}}, {"model": "appointment.schedule", "pk": 275, "fields": {"date_time": "2025-06-30T05:21:20.343Z", "professional": 16, "service": 6, "customer": 6, "status": "2"}}, {"model": "appointment.schedule", "pk": 276, "fields": {"date_time": "2025-06-22T08:16:58.055Z", "professional": 13, "service": 7, "customer": 11, "status": "3"}}, {"model": "appointment.schedule", "pk": 277, "fields": {"date_time": "2025-06-17T00:18:59.940Z", "professional": 21, "service": 2, "customer": 25, "status": "2"}}, {"model": "appointment.schedule", "pk": 278, "fields": {"date_time": "2025-06-18T04:40:01.975Z", "professional": 25, "service": 17, "customer": 6, "status": "3"}}, {"model": "appointment.schedule", "pk": 279, "fields": {"date_time": "2025-05-09T16:01:50.979Z", "professional": 25, "service": 8, "customer": 8, "status": "1"}}, {"model": "appointment.schedule", "pk": 280, "fields": {"date_time": "2025-02-08T05:36:16.015Z", "professional": 10, "service": 9, "customer": 6, "status": "2"}}, {"model": "appointment.schedule", "pk": 281, "fields": {"date_time": "2025-01-06T02:14:47.368Z", "professional": 9, "service": 14, "customer": 16, "status": "2"}}, {"model": "appointment.schedule", "pk": 282, "fields": {"date_time": "2025-01-04T06:55:24.199Z", "professional": 16, "service": 16, "customer": 17, "status": "3"}}, {"model": "appointment.schedule", "pk": 283, "fields": {"date_time": "2025-03-27T15:16:28.200Z", "professional": 4, "service": 20, "customer": 33, "status": "2"}}, {"model": "appointment.schedule", "pk": 284, "fields": {"date_time": "2025-04-20T10:44:20.090Z", "professional": 33, "service": 2, "customer": 16, "status": "3"}}, {"model": "appointment.schedule", "pk": 285, "fields": {"date_time": "2025-05-09T08:47:47.256Z", "professional": 4, "service": 7, "customer": 38, "status": "2"}}, {"model": "appointment.schedule", "pk": 286, "fields": {"date_time": "2025-07-20T02:16:17.469Z", "professional": 30, "service": 19, "customer": 1, "status": "2"}}, {"model": "appointment.schedule", "pk": 287, "fields": {"date_time": "2025-03-31T08:48:31.763Z", "professional": 30, "service": 1, "customer": 1, "status": "1"}}, {"model": "appointment.schedule", "pk": 288, "fields": {"date_time": "2025-06-14T01:14:06.018Z", "professional": 28, "service": 16, "customer": 32, "status": "2"}}, {"model": "appointment.schedule", "pk": 289, "fields": {"date_time": "2025-05-30T02:07:26.215Z", "professional": 20, "service": 5, "customer": 7, "status": "3"}}, {"model": "appointment.schedule", "pk": 290, "fields": {"date_time": "2025-02-02T15:18:23.088Z", "professional": 34, "service": 3, "customer": 6, "status": "2"}}, {"model": "appointment.schedule", "pk": 291, "fields": {"date_time": "2025-03-24T06:22:31.897Z", "professional": 20, "service": 10, "customer": 24, "status": "2"}}, {"model": "appointment.schedule", "pk": 292, "fields": {"date_time": "2025-08-03T18:23:00.285Z", "professional": 12, "service": 7, "customer": 35, "status": "3"}}, {"model": "appointment.schedule", "pk": 293, "fields": {"date_time": "2025-06-05T03:51:46.798Z", "professional": 12, "service": 5, "customer": 18, "status": "3"}}, {"model": "appointment.schedule", "pk": 294, "fields": {"date_time": "2025-03-23T12:01:14.989Z", "professional": 36, "service": 2, "customer": 29, "status": "1"}}, {"model": "appointment.schedule", "pk": 295, "fields": {"date_time": "2025-05-15T00:27:02.358Z", "professional": 15, "service": 12, "customer": 27, "status": "3"}}, {"model": "appointment.schedule", "pk": 296, "fields": {"date_time": "2025-05-03T00:42:13.307Z", "professional": 39, "service": 12, "customer": 16, "status": "3"}}, {"model": "appointment.schedule", "pk": 297, "fields": {"date_time": "2025-03-12T07:00:58.963Z", "professional": 16, "service": 18, "customer": 33, "status": "3"}}, {"model": "appointment.schedule", "pk": 298, "fields": {"date_time": "2025-07-28T08:24:05.788Z", "professional": 5, "service": 3, "customer": 14, "status": "2"}}, {"model": "appointment.schedule", "pk": 299, "fields": {"date_time": "2025-04-18T00:33:47.618Z", "professional": 16, "service": 9, "customer": 5, "status": "2"}}, {"model": "appointment.schedule", "pk": 300, "fields": {"date_time": "2025-01-28T03:24:16.597Z", "professional": 37, "service": 17, "customer": 24, "status": "3"}}, {"model": "appointment.schedule", "pk": 301, "fields": {"date_time": "2025-07-18T22:10:14.143Z", "professional": 40, "service": 18, "customer": 30, "status": "3"}}, {"model": "appointment.schedule", "pk": 302, "fields": {"date_time": "2025-07-22T14:25:59.672Z", "professional": 24, "service": 10, "customer": 40, "status": "3"}}, {"model": "appointment.schedule", "pk": 303, "fields": {"date_time": "2025-06-24T05:41:25.354Z", "professional": 19, "service": 4, "customer": 33, "status": "2"}}, {"model": "appointment.schedule", "pk": 304, "fields": {"date_time": "2025-06-27T12:44:25.189Z", "professional": 10, "service": 6, "customer": 32, "status": "1"}}, {"model": "appointment.schedule", "pk": 305, "fields": {"date_time": "2025-05-30T02:54:38.083Z", "professional": 7, "service": 2, "customer": 31, "status": "2"}}, {"model": "appointment.schedule", "pk": 306, "fields": {"date_time": "2025-06-14T08:02:21.902Z", "professional": 14, "service": 14, "customer": 17, "status": "1"}}, {"model": "appointment.schedule", "pk": 307, "fields": {"date_time": "2025-05-15T23:46:45.750Z", "professional": 21, "service": 15, "customer": 12, "status": "3"}}, {"model": "appointment.schedule", "pk": 308, "fields": {"date_time": "2025-05-21T15:35:52.854Z", "professional": 15, "service": 14, "customer": 5, "status": "1"}}, {"model": "appointment.schedule", "pk": 309, "fields": {"date_time": "2025-08-08T19:11:52.205Z", "professional": 28, "service": 17, "customer": 34, "status": "1"}}, {"model": "appointment.schedule", "pk": 310, "fields": {"date_time": "2025-06-26T22:46:57.890Z", "professional": 4, "service": 18, "customer": 1, "status": "3"}}, {"model": "appointment.schedule", "pk": 311, "fields": {"date_time": "2025-02-17T22:29:33.245Z", "professional": 13, "service": 2, "customer": 36, "status": "2"}}, {"model": "appointment.schedule", "pk": 312, "fields": {"date_time": "2025-04-13T05:13:53.269Z", "professional": 11, "service": 20, "customer": 3, "status": "2"}}, {"model": "appointment.schedule", "pk": 313, "fields": {"date_time": "2025-05-20T23:17:45.738Z", "professional": 35, "service": 19, "customer": 34, "status": "2"}}, {"model": "appointment.schedule", "pk": 314, "fields": {"date_time": "2025-05-11T12:29:34.423Z", "professional": 12, "service": 18, "customer": 32, "status": "3"}}, {"model": "appointment.schedule", "pk": 315, "fields": {"date_time": "2025-02-11T15:42:50.402Z", "professional": 2, "service": 20, "customer": 1, "status": "1"}}, {"model": "appointment.schedule", "pk": 316, "fields": {"date_time": "2025-06-04T13:04:16.737Z", "professional": 1, "service": 20, "customer": 33, "status": "3"}}, {"model": "appointment.schedule", "pk": 317, "fields": {"date_time": "2025-04-15T21:07:02.939Z", "professional": 9, "service": 5, "customer": 28, "status": "3"}}, {"model": "appointment.schedule", "pk": 318, "fields": {"date_time": "2025-07-24T22:28:41.449Z", "professional": 35, "service": 13, "customer": 1, "status": "2"}}, {"model": "appointment.schedule", "pk": 319, "fields": {"date_time": "2025-01-19T16:51:35.165Z", "professional": 19, "service": 17, "customer": 17, "status": "3"}}, {"model": "appointment.schedule", "pk": 320, "fields": {"date_time": "2025-02-08T16:20:22.029Z", "professional": 7, "service": 3, "customer": 19, "status": "1"}}, {"model": "appointment.schedule", "pk": 321, "fields": {"date_time": "2025-02-02T07:29:37.153Z", "professional": 26, "service": 4, "customer": 34, "status": "2"}}, {"model": "appointment.schedule", "pk": 322, "fields": {"date_time": "2025-03-20T18:27:15.955Z", "professional": 2, "service": 4, "customer": 9, "status": "1"}}, {"model": "appointment.schedule", "pk": 323, "fields": {"date_time": "2025-07-21T21:31:34.246Z", "professional": 40, "service": 1, "customer": 32, "status": "3"}}, {"model": "appointment.schedule", "pk": 324, "fields": {"date_time": "2025-08-05T08:46:07.048Z", "professional": 34, "service": 3, "customer": 6, "status": "3"}}, {"model": "appointment.schedule", "pk": 325, "fields": {"date_time": "2025-01-04T11:07:13.823Z", "professional": 19, "service": 17, "customer": 38, "status": "3"}}, {"model": "appointment.schedule", "pk": 326, "fields": {"date_time": "2025-07-04T16:25:48.260Z", "professional": 31, "service": 19, "customer": 38, "status": "1"}}, {"model": "appointment.schedule", "pk": 327, "fields": {"date_time": "2025-03-14T04:24:33.825Z", "professional": 24, "service": 17, "customer": 8, "status": "3"}}, {"model": "appointment.schedule", "pk": 328, "fields": {"date_time": "2025-07-02T02:25:56.184Z", "professional": 11, "service": 5, "customer": 30, "status": "2"}}, {"model": "appointment.schedule", "pk": 329, "fields": {"date_time": "2025-02-15T18:22:48.853Z", "professional": 24, "service": 19, "customer": 27, "status": "1"}}, {"model": "appointment.schedule", "pk": 330, "fields": {"date_time": "2025-05-21T16:50:08.532Z", "professional": 6, "service": 7, "customer": 12, "status": "1"}}, {"model": "appointment.schedule", "pk": 331, "fields": {"date_time": "2025-06-11T13:27:33.129Z", "professional": 36, "service": 7, "customer": 20, "status": "1"}}, {"model": "appointment.schedule", "pk": 332, "fields": {"date_time": "2025-02-04T04:23:42.905Z", "professional": 14, "service": 15, "customer": 7, "status": "3"}}, {"model": "appointment.schedule", "pk": 333, "fields": {"date_time": "2025-06-16T05:09:35.510Z", "professional": 9, "service": 4, "customer": 31, "status": "1"}}, {"model": "appointment.schedule", "pk": 334, "fields": {"date_time": "2025-05-29T09:24:29.838Z", "professional": 33, "service": 14, "customer": 35, "status": "3"}}, {"model": "appointment.schedule", "pk": 335, "fields": {"date_time": "2025-02-12T15:18:01.406Z", "professional": 11, "service": 17, "customer": 32, "status": "3"}}, {"model": "appointment.schedule", "pk": 336, "fields": {"date_time": "2025-01-30T18:42:22.020Z", "professional": 22, "service": 4, "customer": 22, "status": "1"}}, {"model": "appointment.schedule", "pk": 337, "fields": {"date_time": "2025-07-09T10:42:36.402Z", "professional": 5, "service": 20, "customer": 15, "status": "2"}}, {"model": "appointment.schedule", "pk": 338, "fields": {"date_time": "2025-02-21T23:35:47.480Z", "professional": 6, "service": 16, "customer": 19, "status": "2"}}, {"model": "appointment.schedule", "pk": 339, "fields": {"date_time": "2025-04-02T09:41:19.846Z", "professional": 3, "service": 14, "customer": 39, "status": "3"}}, {"model": "appointment.schedule", "pk": 340, "fields": {"date_time": "2025-07-08T19:29:42.118Z", "professional": 11, "service": 7, "customer": 8, "status": "1"}}, {"model": "appointment.schedule", "pk": 341, "fields": {"date_time": "2025-06-29T21:46:20.587Z", "professional": 17, "service": 3, "customer": 17, "status": "1"}}, {"model": "appointment.schedule", "pk": 342, "fields": {"date_time": "2025-03-20T03:24:40.152Z", "professional": 21, "service": 16, "customer": 4, "status": "3"}}, {"model": "appointment.schedule", "pk": 343, "fields": {"date_time": "2025-07-20T09:15:29.029Z", "professional": 1, "service": 7, "customer": 9, "status": "1"}}, {"model": "appointment.schedule", "pk": 344, "fields": {"date_time": "2025-02-11T12:53:37.753Z", "professional": 38, "service": 8, "customer": 16, "status": "2"}}, {"model": "appointment.schedule", "pk": 345, "fields": {"date_time": "2025-02-27T09:51:19.149Z", "professional": 40, "service": 9, "customer": 26, "status": "2"}}, {"model": "appointment.schedule", "pk": 346, "fields": {"date_time": "2025-07-15T05:14:32.938Z", "professional": 17, "service": 8, "customer": 14, "status": "1"}}, {"model": "appointment.schedule", "pk": 347, "fields": {"date_time": "2025-03-11T00:39:00.844Z", "professional": 14, "service": 8, "customer": 36, "status": "2"}}, {"model": "appointment.schedule", "pk": 348, "fields": {"date_time": "2025-06-11T10:54:39.798Z", "professional": 33, "service": 18, "customer": 40, "status": "3"}}, {"model": "appointment.schedule", "pk": 349, "fields": {"date_time": "2025-03-27T04:03:35.313Z", "professional": 37, "service": 5, "customer": 39, "status": "3"}}, {"model": "appointment.schedule", "pk": 350, "fields": {"date_time": "2025-06-06T16:06:37.590Z", "professional": 13, "service": 14, "customer": 25, "status": "2"}}, {"model": "appointment.schedule", "pk": 351, "fields": {"date_time": "2025-07-02T02:50:35.009Z", "professional": 21, "service": 7, "customer": 7, "status": "1"}}, {"model": "appointment.schedule", "pk": 352, "fields": {"date_time": "2025-02-02T13:23:59.086Z", "professional": 18, "service": 13, "customer": 11, "status": "1"}}, {"model": "appointment.schedule", "pk": 353, "fields": {"date_time": "2025-02-19T00:52:18.155Z", "professional": 14, "service": 4, "customer": 12, "status": "1"}}, {"model": "appointment.schedule", "pk": 354, "fields": {"date_time": "2025-03-06T09:09:38.017Z", "professional": 9, "service": 14, "customer": 6, "status": "3"}}, {"model": "appointment.schedule", "pk": 355, "fields": {"date_time": "2025-04-02T22:19:34.458Z", "professional": 16, "service": 18, "customer": 4, "status": "3"}}, {"model": "appointment.schedule", "pk": 356, "fields": {"date_time": "2025-03-06T06:31:40.323Z", "professional": 26, "service": 9, "customer": 4, "status": "3"}}, {"model": "appointment.schedule", "pk": 357, "fields": {"date_time": "2025-01-08T21:34:51.721Z", "professional": 13, "service": 18, "customer": 8, "status": "2"}}, {"model": "appointment.schedule", "pk": 358, "fields": {"date_time": "2025-05-11T23:36:35.449Z", "professional": 19, "service": 1, "customer": 31, "status": "1"}}, {"model": "appointment.schedule", "pk": 359, "fields": {"date_time": "2025-02-11T12:33:27.538Z", "professional": 30, "service": 7, "customer": 17, "status": "2"}}, {"model": "appointment.schedule", "pk": 360, "fields": {"date_time": "2025-07-21T14:44:14.831Z", "professional": 26, "service": 2, "customer": 19, "status": "2"}}, {"model": "appointment.schedule", "pk": 361, "fields": {"date_time": "2025-06-28T06:58:04.395Z", "professional": 30, "service": 17, "customer": 21, "status": "3"}}, {"model": "appointment.schedule", "pk": 362, "fields": {"date_time": "2025-01-02T14:25:18.711Z", "professional": 33, "service": 19, "customer": 34, "status": "3"}}, {"model": "appointment.schedule", "pk": 363, "fields": {"date_time": "2025-01-02T03:15:39.980Z", "professional": 13, "service": 5, "customer": 19, "status": "2"}}, {"model": "appointment.schedule", "pk": 364, "fields": {"date_time": "2025-05-16T00:49:56.403Z", "professional": 24, "service": 19, "customer": 35, "status": "1"}}, {"model": "appointment.schedule", "pk": 365, "fields": {"date_time": "2025-01-05T14:50:30.448Z", "professional": 15, "service": 13, "customer": 37, "status": "3"}}, {"model": "appointment.schedule", "pk": 366, "fields": {"date_time": "2025-02-06T19:47:47.745Z", "professional": 4, "service": 1, "customer": 27, "status": "2"}}, {"model": "appointment.schedule", "pk": 367, "fields": {"date_time": "2025-01-19T01:43:14.583Z", "professional": 17, "service": 16, "customer": 16, "status": "2"}}, {"model": "appointment.schedule", "pk": 368, "fields": {"date_time": "2025-05-31T06:01:04.506Z", "professional": 10, "service": 13, "customer": 2, "status": "3"}}, {"model": "appointment.schedule", "pk": 369, "fields": {"date_time": "2025-05-10T23:27:19.101Z", "professional": 27, "service": 2, "customer": 19, "status": "3"}}, {"model": "appointment.schedule", "pk": 370, "fields": {"date_time": "2025-06-13T04:27:52.318Z", "professional": 20, "service": 5, "customer": 7, "status": "2"}}, {"model": "appointment.schedule", "pk": 371, "fields": {"date_time": "2025-06-23T09:18:41.028Z", "professional": 2, "service": 11, "customer": 32, "status": "2"}}, {"model": "appointment.schedule", "pk": 372, "fields": {"date_time": "2025-03-02T18:50:41.689Z", "professional": 5, "service": 17, "customer": 26, "status": "1"}}, {"model": "appointment.schedule", "pk": 373, "fields": {"date_time": "2025-05-20T19:30:57.305Z", "professional": 10, "service": 15, "customer": 40, "status": "3"}}, {"model": "appointment.schedule", "pk": 374, "fields": {"date_time": "2025-06-07T06:47:11.405Z", "professional": 24, "service": 8, "customer": 35, "status": "2"}}, {"model": "appointment.schedule", "pk": 375, "fields": {"date_time": "2025-03-10T22:44:58.198Z", "professional": 15, "service": 20, "customer": 28, "status": "1"}}, {"model": "appointment.schedule", "pk": 376, "fields": {"date_time": "2025-05-31T17:52:56.966Z", "professional": 33, "service": 15, "customer": 11, "status": "3"}}, {"model": "appointment.schedule", "pk": 377, "fields": {"date_time": "2025-02-28T03:38:56.092Z", "professional": 23, "service": 10, "customer": 23, "status": "3"}}, {"model": "appointment.schedule", "pk": 378, "fields": {"date_time": "2025-07-29T20:21:47.956Z", "professional": 38, "service": 17, "customer": 23, "status": "3"}}, {"model": "appointment.schedule", "pk": 379, "fields": {"date_time": "2025-05-30T04:00:51.795Z", "professional": 24, "service": 3, "customer": 30, "status": "3"}}, {"model": "appointment.schedule", "pk": 380, "fields": {"date_time": "2025-04-09T01:58:18.432Z", "professional": 8, "service": 11, "customer": 2, "status": "2"}}, {"model": "appointment.schedule", "pk": 381, "fields": {"date_time": "2025-01-23T04:29:48.048Z", "professional": 8, "service": 9, "customer": 8, "status": "2"}}, {"model": "appointment.schedule", "pk": 382, "fields": {"date_time": "2025-01-30T13:17:54.832Z", "professional": 18, "service": 18, "customer": 33, "status": "3"}}, {"model": "appointment.schedule", "pk": 383, "fields": {"date_time": "2025-06-14T06:38:46.108Z", "professional": 31, "service": 11, "customer": 12, "status": "2"}}, {"model": "appointment.schedule", "pk": 384, "fields": {"date_time": "2025-06-05T14:54:08.134Z", "professional": 4, "service": 12, "customer": 36, "status": "2"}}, {"model": "appointment.schedule", "pk": 385, "fields": {"date_time": "2025-03-12T23:38:22.771Z", "professional": 5, "service": 6, "customer": 38, "status": "1"}}, {"model": "appointment.schedule", "pk": 386, "fields": {"date_time": "2025-05-12T14:48:25.908Z", "professional": 13, "service": 10, "customer": 15, "status": "2"}}, {"model": "appointment.schedule", "pk": 387, "fields": {"date_time": "2025-03-19T12:12:00.740Z", "professional": 39, "service": 1, "customer": 12, "status": "2"}}, {"model": "appointment.schedule", "pk": 388, "fields": {"date_time": "2025-02-15T09:57:34.622Z", "professional": 25, "service": 5, "customer": 36, "status": "3"}}, {"model": "appointment.schedule", "pk": 389, "fields": {"date_time": "2025-06-25T05:20:04.469Z", "professional": 24, "service": 4, "customer": 2, "status": "2"}}, {"model": "appointment.schedule", "pk": 390, "fields": {"date_time": "2025-07-20T01:23:59.957Z", "professional": 24, "service": 13, "customer": 26, "status": "2"}}, {"model": "appointment.schedule", "pk": 391, "fields": {"date_time": "2025-06-12T06:12:25.963Z", "professional": 36, "service": 15, "customer": 15, "status": "2"}}, {"model": "appointment.schedule", "pk": 392, "fields": {"date_time": "2025-03-29T23:45:24.594Z", "professional": 14, "service": 5, "customer": 5, "status": "3"}}, {"model": "appointment.schedule", "pk": 393, "fields": {"date_time": "2025-05-10T20:04:12.011Z", "professional": 2, "service": 2, "customer": 31, "status": "2"}}, {"model": "appointment.schedule", "pk": 394, "fields": {"date_time": "2025-07-25T19:35:38.737Z", "professional": 13, "service": 12, "customer": 29, "status": "3"}}, {"model": "appointment.schedule", "pk": 395, "fields": {"date_time": "2025-05-22T14:09:15.938Z", "professional": 15, "service": 7, "customer": 5, "status": "1"}}, {"model": "appointment.schedule", "pk": 396, "fields": {"date_time": "2025-02-09T09:53:42.925Z", "professional": 39, "service": 18, "customer": 5, "status": "3"}}, {"model": "appointment.schedule", "pk": 397, "fields": {"date_time": "2025-01-07T00:26:26.147Z", "professional": 18, "service": 9, "customer": 8, "status": "1"}}, {"model": "appointment.schedule", "pk": 398, "fields": {"date_time": "2025-02-12T04:18:55.168Z", "professional": 19, "service": 1, "customer": 36, "status": "3"}}, {"model": "appointment.schedule", "pk": 399, "fields": {"date_time": "2025-06-30T13:27:44.716Z", "professional": 31, "service": 13, "customer": 4, "status": "1"}}, {"model": "appointment.schedule", "pk": 400, "fields": {"date_time": "2025-03-21T23:44:33.412Z", "professional": 21, "service": 13, "customer": 34, "status": "1"}}, {"model": "appointment.schedule", "pk": 401, "fields": {"date_time": "2025-05-18T22:17:28.247Z", "professional": 31, "service": 20, "customer": 32, "status": "2"}}, {"model": "appointment.schedule", "pk": 402, "fields": {"date_time": "2025-06-25T09:08:38.011Z", "professional": 27, "service": 9, "customer": 18, "status": "1"}}, {"model": "appointment.schedule", "pk": 403, "fields": {"date_time": "2025-03-01T06:47:32.231Z", "professional": 18, "service": 2, "customer": 3, "status": "1"}}, {"model": "appointment.schedule", "pk": 404, "fields": {"date_time": "2025-05-19T15:52:41.357Z", "professional": 28, "service": 20, "customer": 12, "status": "2"}}, {"model": "appointment.schedule", "pk": 405, "fields": {"date_time": "2025-03-03T18:34:59.225Z", "professional": 13, "service": 18, "customer": 22, "status": "3"}}, {"model": "appointment.schedule", "pk": 406, "fields": {"date_time": "2025-01-01T20:09:45.565Z", "professional": 23, "service": 7, "customer": 20, "status": "3"}}, {"model": "appointment.schedule", "pk": 407, "fields": {"date_time": "2025-02-07T05:57:19.000Z", "professional": 40, "service": 10, "customer": 27, "status": "3"}}, {"model": "appointment.schedule", "pk": 408, "fields": {"date_time": "2025-03-02T23:57:56.282Z", "professional": 10, "service": 18, "customer": 38, "status": "3"}}, {"model": "appointment.schedule", "pk": 409, "fields": {"date_time": "2025-02-07T10:41:28.273Z", "professional": 21, "service": 9, "customer": 20, "status": "1"}}, {"model": "appointment.schedule", "pk": 410, "fields": {"date_time": "2025-08-05T04:25:12.376Z", "professional": 38, "service": 19, "customer": 6, "status": "2"}}, {"model": "appointment.schedule", "pk": 411, "fields": {"date_time": "2025-01-07T07:30:22.986Z", "professional": 31, "service": 14, "customer": 9, "status": "2"}}, {"model": "appointment.schedule", "pk": 412, "fields": {"date_time": "2025-04-01T13:01:35.962Z", "professional": 26, "service": 10, "customer": 13, "status": "1"}}, {"model": "appointment.schedule", "pk": 413, "fields": {"date_time": "2025-06-21T12:18:42.698Z", "professional": 2, "service": 18, "customer": 8, "status": "1"}}, {"model": "appointment.schedule", "pk": 414, "fields": {"date_time": "2025-07-12T15:41:12.483Z", "professional": 24, "service": 10, "customer": 19, "status": "3"}}, {"model": "appointment.schedule", "pk": 415, "fields": {"date_time": "2025-07-28T16:05:03.133Z", "professional": 2, "service": 6, "customer": 23, "status": "2"}}, {"model": "appointment.schedule", "pk": 416, "fields": {"date_time": "2025-01-12T06:46:07.821Z", "professional": 19, "service": 4, "customer": 18, "status": "2"}}, {"model": "appointment.schedule", "pk": 417, "fields": {"date_time": "2025-02-23T10:59:01.057Z", "professional": 2, "service": 4, "customer": 13, "status": "3"}}, {"model": "appointment.schedule", "pk": 418, "fields": {"date_time": "2025-01-07T20:15:17.773Z", "professional": 25, "service": 6, "customer": 34, "status": "2"}}, {"model": "appointment.schedule", "pk": 419, "fields": {"date_time": "2025-05-19T17:32:17.755Z", "professional": 38, "service": 17, "customer": 40, "status": "2"}}, {"model": "appointment.schedule", "pk": 420, "fields": {"date_time": "2025-04-20T12:09:23.957Z", "professional": 27, "service": 19, "customer": 15, "status": "1"}}, {"model": "appointment.schedule", "pk": 421, "fields": {"date_time": "2025-06-08T22:43:47.722Z", "professional": 39, "service": 6, "customer": 19, "status": "2"}}, {"model": "appointment.schedule", "pk": 422, "fields": {"date_time": "2025-05-23T01:04:44.883Z", "professional": 6, "service": 9, "customer": 6, "status": "3"}}, {"model": "appointment.schedule", "pk": 423, "fields": {"date_time": "2025-06-25T20:38:09.933Z", "professional": 33, "service": 8, "customer": 17, "status": "3"}}, {"model": "appointment.schedule", "pk": 424, "fields": {"date_time": "2025-01-31T17:32:26.212Z", "professional": 2, "service": 14, "customer": 8, "status": "2"}}, {"model": "appointment.schedule", "pk": 425, "fields": {"date_time": "2025-04-29T11:14:50.205Z", "professional": 28, "service": 4, "customer": 12, "status": "3"}}, {"model": "appointment.schedule", "pk": 426, "fields": {"date_time": "2025-07-01T00:26:57.508Z", "professional": 24, "service": 15, "customer": 35, "status": "2"}}, {"model": "appointment.schedule", "pk": 427, "fields": {"date_time": "2025-03-04T02:23:05.612Z", "professional": 30, "service": 12, "customer": 1, "status": "2"}}, {"model": "appointment.schedule", "pk": 428, "fields": {"date_time": "2025-07-24T22:43:27.802Z", "professional": 36, "service": 10, "customer": 40, "status": "1"}}, {"model": "appointment.schedule", "pk": 429, "fields": {"date_time": "2025-06-25T05:48:34.881Z", "professional": 29, "service": 7, "customer": 38, "status": "3"}}, {"model": "appointment.schedule", "pk": 430, "fields": {"date_time": "2025-07-19T04:59:41.089Z", "professional": 30, "service": 15, "customer": 18, "status": "1"}}, {"model": "appointment.schedule", "pk": 431, "fields": {"date_time": "2025-01-09T08:15:34.231Z", "professional": 31, "service": 7, "customer": 3, "status": "3"}}, {"model": "appointment.schedule", "pk": 432, "fields": {"date_time": "2025-03-29T22:49:48.194Z", "professional": 36, "service": 8, "customer": 38, "status": "3"}}, {"model": "appointment.schedule", "pk": 433, "fields": {"date_time": "2025-03-13T21:26:16.098Z", "professional": 27, "service": 18, "customer": 6, "status": "3"}}, {"model": "appointment.schedule", "pk": 434, "fields": {"date_time": "2025-01-27T08:28:57.132Z", "professional": 14, "service": 1, "customer": 4, "status": "1"}}, {"model": "appointment.schedule", "pk": 435, "fields": {"date_time": "2025-01-06T21:58:46.865Z", "professional": 37, "service": 13, "customer": 12, "status": "1"}}, {"model": "appointment.schedule", "pk": 436, "fields": {"date_time": "2025-06-06T02:07:27.679Z", "professional": 8, "service": 19, "customer": 40, "status": "2"}}, {"model": "appointment.schedule", "pk": 437, "fields": {"date_time": "2025-07-21T07:27:57.737Z", "professional": 35, "service": 15, "customer": 34, "status": "3"}}, {"model": "appointment.schedule", "pk": 438, "fields": {"date_time": "2025-02-27T10:50:41.188Z", "professional": 35, "service": 17, "customer": 25, "status": "2"}}, {"model": "appointment.schedule", "pk": 439, "fields": {"date_time": "2025-08-06T20:31:16.753Z", "professional": 3, "service": 12, "customer": 6, "status": "3"}}, {"model": "appointment.schedule", "pk": 440, "fields": {"date_time": "2025-05-27T01:13:44.333Z", "professional": 3, "service": 7, "customer": 30, "status": "3"}}, {"model": "appointment.schedule", "pk": 441, "fields": {"date_time": "2025-06-05T03:23:37.174Z", "professional": 5, "service": 3, "customer": 34, "status": "1"}}, {"model": "appointment.schedule", "pk": 442, "fields": {"date_time": "2025-03-14T01:03:50.026Z", "professional": 17, "service": 2, "customer": 10, "status": "1"}}, {"model": "appointment.schedule", "pk": 443, "fields": {"date_time": "2025-07-30T15:50:02.976Z", "professional": 36, "service": 16, "customer": 2, "status": "1"}}, {"model": "appointment.schedule", "pk": 444, "fields": {"date_time": "2025-01-15T22:23:30.045Z", "professional": 27, "service": 14, "customer": 10, "status": "2"}}, {"model": "appointment.schedule", "pk": 445, "fields": {"date_time": "2025-06-16T05:26:03.881Z", "professional": 11, "service": 4, "customer": 33, "status": "3"}}, {"model": "appointment.schedule", "pk": 446, "fields": {"date_time": "2025-05-06T18:53:58.218Z", "professional": 6, "service": 5, "customer": 39, "status": "2"}}, {"model": "appointment.schedule", "pk": 447, "fields": {"date_time": "2025-02-08T04:39:48.553Z", "professional": 31, "service": 7, "customer": 23, "status": "1"}}, {"model": "appointment.schedule", "pk": 448, "fields": {"date_time": "2025-07-16T21:21:11.152Z", "professional": 20, "service": 18, "customer": 4, "status": "3"}}, {"model": "appointment.schedule", "pk": 449, "fields": {"date_time": "2025-04-12T15:00:55.909Z", "professional": 25, "service": 9, "customer": 29, "status": "2"}}, {"model": "appointment.schedule", "pk": 450, "fields": {"date_time": "2025-01-25T16:55:11.432Z", "professional": 13, "service": 10, "customer": 14, "status": "3"}}, {"model": "appointment.schedule", "pk": 451, "fields": {"date_time": "2025-01-30T05:04:57.211Z", "professional": 40, "service": 20, "customer": 20, "status": "1"}}, {"model": "appointment.schedule", "pk": 452, "fields": {"date_time": "2025-02-27T22:13:45.486Z", "professional": 36, "service": 19, "customer": 15, "status": "2"}}, {"model": "appointment.schedule", "pk": 453, "fields": {"date_time": "2025-05-04T13:13:40.474Z", "professional": 35, "service": 8, "customer": 13, "status": "1"}}, {"model": "appointment.schedule", "pk": 454, "fields": {"date_time": "2025-05-15T11:35:25.791Z", "professional": 38, "service": 19, "customer": 27, "status": "2"}}, {"model": "appointment.schedule", "pk": 455, "fields": {"date_time": "2025-02-22T09:41:41.606Z", "professional": 13, "service": 10, "customer": 9, "status": "2"}}, {"model": "appointment.schedule", "pk": 456, "fields": {"date_time": "2025-06-25T03:56:41.601Z", "professional": 15, "service": 12, "customer": 26, "status": "1"}}, {"model": "appointment.schedule", "pk": 457, "fields": {"date_time": "2025-06-19T03:58:58.598Z", "professional": 35, "service": 5, "customer": 40, "status": "3"}}, {"model": "appointment.schedule", "pk": 458, "fields": {"date_time": "2025-05-15T09:26:38.935Z", "professional": 40, "service": 15, "customer": 37, "status": "1"}}, {"model": "appointment.schedule", "pk": 459, "fields": {"date_time": "2025-03-23T07:18:36.218Z", "professional": 8, "service": 19, "customer": 8, "status": "2"}}, {"model": "appointment.schedule", "pk": 460, "fields": {"date_time": "2025-07-02T21:33:24.370Z", "professional": 6, "service": 18, "customer": 24, "status": "1"}}, {"model": "appointment.schedule", "pk": 461, "fields": {"date_time": "2025-05-27T19:32:26.969Z", "professional": 21, "service": 20, "customer": 18, "status": "1"}}, {"model": "appointment.schedule", "pk": 462, "fields": {"date_time": "2025-03-13T09:01:28.970Z", "professional": 12, "service": 19, "customer": 27, "status": "1"}}, {"model": "appointment.schedule", "pk": 463, "fields": {"date_time": "2025-02-04T13:26:10.130Z", "professional": 14, "service": 2, "customer": 8, "status": "1"}}, {"model": "appointment.schedule", "pk": 464, "fields": {"date_time": "2025-07-15T05:34:08.661Z", "professional": 8, "service": 17, "customer": 10, "status": "2"}}, {"model": "appointment.schedule", "pk": 465, "fields": {"date_time": "2025-06-26T12:17:39.007Z", "professional": 15, "service": 2, "customer": 23, "status": "2"}}, {"model": "appointment.schedule", "pk": 466, "fields": {"date_time": "2025-03-11T22:53:47.648Z", "professional": 34, "service": 4, "customer": 18, "status": "2"}}, {"model": "appointment.schedule", "pk": 467, "fields": {"date_time": "2025-07-23T16:48:10.477Z", "professional": 11, "service": 14, "customer": 28, "status": "2"}}, {"model": "appointment.schedule", "pk": 468, "fields": {"date_time": "2025-01-02T01:50:55.411Z", "professional": 28, "service": 11, "customer": 40, "status": "3"}}, {"model": "appointment.schedule", "pk": 469, "fields": {"date_time": "2025-06-12T19:41:57.296Z", "professional": 22, "service": 15, "customer": 35, "status": "2"}}, {"model": "appointment.schedule", "pk": 470, "fields": {"date_time": "2025-03-18T22:54:13.239Z", "professional": 31, "service": 15, "customer": 18, "status": "2"}}, {"model": "appointment.schedule", "pk": 471, "fields": {"date_time": "2025-03-23T12:35:13.287Z", "professional": 17, "service": 7, "customer": 23, "status": "1"}}, {"model": "appointment.schedule", "pk": 472, "fields": {"date_time": "2025-06-15T07:13:32.635Z", "professional": 3, "service": 3, "customer": 30, "status": "3"}}, {"model": "appointment.schedule", "pk": 473, "fields": {"date_time": "2025-04-07T12:11:54.709Z", "professional": 25, "service": 1, "customer": 13, "status": "1"}}, {"model": "appointment.schedule", "pk": 474, "fields": {"date_time": "2025-02-13T21:04:43.078Z", "professional": 17, "service": 5, "customer": 21, "status": "3"}}, {"model": "appointment.schedule", "pk": 475, "fields": {"date_time": "2025-03-21T05:13:10.992Z", "professional": 16, "service": 6, "customer": 26, "status": "1"}}, {"model": "appointment.schedule", "pk": 476, "fields": {"date_time": "2025-05-01T08:07:17.976Z", "professional": 15, "service": 2, "customer": 39, "status": "3"}}, {"model": "appointment.schedule", "pk": 477, "fields": {"date_time": "2025-04-29T06:23:27.516Z", "professional": 14, "service": 12, "customer": 24, "status": "2"}}, {"model": "appointment.schedule", "pk": 478, "fields": {"date_time": "2025-02-28T11:56:32.099Z", "professional": 34, "service": 19, "customer": 19, "status": "3"}}, {"model": "appointment.schedule", "pk": 479, "fields": {"date_time": "2025-02-27T06:10:34.805Z", "professional": 20, "service": 18, "customer": 36, "status": "1"}}, {"model": "appointment.schedule", "pk": 480, "fields": {"date_time": "2025-03-19T01:01:39.658Z", "professional": 35, "service": 11, "customer": 12, "status": "3"}}, {"model": "appointment.schedule", "pk": 481, "fields": {"date_time": "2025-03-20T08:17:33.936Z", "professional": 24, "service": 12, "customer": 32, "status": "3"}}, {"model": "appointment.schedule", "pk": 482, "fields": {"date_time": "2025-02-18T09:26:35.615Z", "professional": 12, "service": 9, "customer": 26, "status": "3"}}, {"model": "appointment.schedule", "pk": 483, "fields": {"date_time": "2025-06-25T02:07:20.871Z", "professional": 28, "service": 14, "customer": 8, "status": "1"}}, {"model": "appointment.schedule", "pk": 484, "fields": {"date_time": "2025-07-06T04:35:49.035Z", "professional": 14, "service": 1, "customer": 38, "status": "3"}}, {"model": "appointment.schedule", "pk": 485, "fields": {"date_time": "2025-06-06T15:42:15.261Z", "professional": 17, "service": 6, "customer": 14, "status": "1"}}, {"model": "appointment.schedule", "pk": 486, "fields": {"date_time": "2025-06-15T21:29:17.775Z", "professional": 22, "service": 6, "customer": 20, "status": "2"}}, {"model": "appointment.schedule", "pk": 487, "fields": {"date_time": "2025-02-21T13:43:19.621Z", "professional": 1, "service": 10, "customer": 2, "status": "2"}}, {"model": "appointment.schedule", "pk": 488, "fields": {"date_time": "2025-02-27T23:57:11.889Z", "professional": 19, "service": 10, "customer": 11, "status": "2"}}, {"model": "appointment.schedule", "pk": 489, "fields": {"date_time": "2025-05-17T10:30:27.896Z", "professional": 15, "service": 11, "customer": 13, "status": "3"}}, {"model": "appointment.schedule", "pk": 490, "fields": {"date_time": "2025-02-20T05:39:05.421Z", "professional": 1, "service": 11, "customer": 40, "status": "2"}}, {"model": "appointment.schedule", "pk": 491, "fields": {"date_time": "2025-04-26T02:38:26.021Z", "professional": 3, "service": 16, "customer": 10, "status": "3"}}, {"model": "appointment.schedule", "pk": 492, "fields": {"date_time": "2025-03-01T18:22:51.064Z", "professional": 33, "service": 20, "customer": 12, "status": "3"}}, {"model": "appointment.schedule", "pk": 493, "fields": {"date_time": "2025-02-16T23:57:31.060Z", "professional": 32, "service": 11, "customer": 28, "status": "3"}}, {"model": "appointment.schedule", "pk": 494, "fields": {"date_time": "2025-05-13T22:59:28.248Z", "professional": 2, "service": 19, "customer": 17, "status": "3"}}, {"model": "appointment.schedule", "pk": 495, "fields": {"date_time": "2025-06-14T02:26:08.865Z", "professional": 30, "service": 20, "customer": 8, "status": "3"}}, {"model": "appointment.schedule", "pk": 496, "fields": {"date_time": "2025-05-24T09:19:26.093Z", "professional": 4, "service": 12, "customer": 30, "status": "2"}}, {"model": "appointment.schedule", "pk": 497, "fields": {"date_time": "2025-02-10T15:54:05.359Z", "professional": 16, "service": 4, "customer": 23, "status": "2"}}, {"model": "appointment.schedule", "pk": 498, "fields": {"date_time": "2025-03-03T12:57:20.788Z", "professional": 38, "service": 11, "customer": 32, "status": "2"}}, {"model": "appointment.schedule", "pk": 499, "fields": {"date_time": "2025-02-23T12:40:38.117Z", "professional": 4, "service": 18, "customer": 33, "status": "1"}}, {"model": "appointment.schedule", "pk": 500, "fields": {"date_time": "2025-06-23T22:53:13.270Z", "professional": 8, "service": 10, "customer": 7, "status": "3"}}]