[{"model": "admin.logentry", "pk": 1, "fields": {"action_time": "2025-08-08T21:47:12.321Z", "user": 1, "content_type": 4, "object_id": "3", "object_repr": "john", "action_flag": 2, "change_message": "[{\"changed\": {\"fields\": [\"Staff status\"]}}]"}}, {"model": "auth.user", "pk": 1, "fields": {"password": "pbkdf2_sha256$600000$jXVxZWCBUJJnLjeYQtf7BP$ov6A/4qsLFWQIars95UloavcnQZs1bSWLS7q2WznsJ4=", "last_login": "2025-08-08T21:46:41.256Z", "is_superuser": true, "username": "admin", "first_name": "", "last_name": "", "email": "admin@mail.com", "is_staff": true, "is_active": true, "date_joined": "2025-08-08T21:43:17.478Z", "groups": [], "user_permissions": []}}, {"model": "auth.user", "pk": 2, "fields": {"password": "pbkdf2_sha256$600000$K4HEtAdx2B6EqRQC0aw2UG$EtaS22zSnucIZVy194QRVNpquxsqjhOzP3BjiexUW2o=", "last_login": null, "is_superuser": false, "username": "jane", "first_name": "", "last_name": "", "email": "jane@mail.com", "is_staff": false, "is_active": true, "date_joined": "2025-08-08T21:43:17.871Z", "groups": [], "user_permissions": []}}, {"model": "auth.user", "pk": 3, "fields": {"password": "pbkdf2_sha256$600000$L9hNtAZ6jDaQTg2kvrFuIA$qyWavYW8tkXTEAoH/qgRDZHctCp5WSU/bzjLYoYV/OI=", "last_login": null, "is_superuser": false, "username": "john", "first_name": "", "last_name": "", "email": "john@mail.com", "is_staff": true, "is_active": true, "date_joined": "2025-08-08T21:43:18Z", "groups": [], "user_permissions": []}}, {"model": "sessions.session", "pk": "0r5lc1zcumkfz4s3xob9j1ydpni4vav8", "fields": {"session_data": ".eJxVjMsOwiAQRf-FtSEdHgN16d5vIAMDUjU0Ke3K-O_apAvd3nPOfYlA21rD1vMSJhZnAeL0u0VKj9x2wHdqt1mmua3LFOWuyIN2eZ05Py-H-3dQqddvrYtFkz0Mox8MUNEadUIFRTkiC-isyhGZR1aYE2CJRaGhwpqdZ7bi_QHFXzfX:1ukUvB:YxMtWGhod68OKQOgOlfsBBTsImXZ2WF-CblF0dnAP2U", "expire_date": "2025-08-22T21:46:41.260Z"}}, {"model": "record.customer", "pk": 1, "fields": {"name": "Stefania Munari", "email": "bonaventuramicheletto@example.org"}}, {"model": "record.customer", "pk": 2, "fields": {"name": "Veronica Babato", "email": "fagianilivio@example.com"}}, {"model": "record.customer", "pk": 3, "fields": {"name": "Graziella Duse", "email": "severino04@example.com"}}, {"model": "record.customer", "pk": 4, "fields": {"name": "Fabia Galvani", "email": "pinnocenti@example.org"}}, {"model": "record.customer", "pk": 5, "fields": {"name": "Sig.ra Nedda Abba", "email": "napoleonecorbo@example.com"}}, {"model": "record.customer", "pk": 6, "fields": {"name": "Alessia Udinese", "email": "marta18@example.org"}}, {"model": "record.customer", "pk": 7, "fields": {"name": "Riccardo Dallara", "email": "zecchinigiancarlo@example.com"}}, {"model": "record.customer", "pk": 8, "fields": {"name": "Nicolò Gramsci", "email": "ronaldocomolli@example.net"}}, {"model": "record.customer", "pk": 9, "fields": {"name": "Luciano Bajamonti-Agazzi", "email": "licia62@example.net"}}, {"model": "record.customer", "pk": 10, "fields": {"name": "Corrado Ioppi", "email": "tuzzolinoansaldo@example.com"}}, {"model": "record.customer", "pk": 11, "fields": {"name": "Dott. Dario Travaglia", "email": "adrianoferrara@example.com"}}, {"model": "record.customer", "pk": 12, "fields": {"name": "Ilaria Gritti-Brunelleschi", "email": "danguissola@example.com"}}, {"model": "record.customer", "pk": 13, "fields": {"name": "Orazio Mazzini", "email": "qmazzacurati@example.com"}}, {"model": "record.customer", "pk": 14, "fields": {"name": "Serafina Saffi-Morellato", "email": "gariasso@example.com"}}, {"model": "record.customer", "pk": 15, "fields": {"name": "Giuseppina Brunello", "email": "panfilocerutti@example.net"}}, {"model": "record.customer", "pk": 16, "fields": {"name": "Natalia Pellico", "email": "yferretti@example.org"}}, {"model": "record.customer", "pk": 17, "fields": {"name": "Sig. Massimo Opizzi", "email": "cmogherini@example.com"}}, {"model": "record.customer", "pk": 18, "fields": {"name": "Napoleone Bellucci", "email": "ioppiflavio@example.net"}}, {"model": "record.customer", "pk": 19, "fields": {"name": "Venancio Stucchi", "email": "ninetta48@example.net"}}, {"model": "record.customer", "pk": 20, "fields": {"name": "Sophia Luria", "email": "boccanapoleone@example.com"}}, {"model": "record.customer", "pk": 21, "fields": {"name": "Vincenza Canova", "email": "mirkomorricone@example.net"}}, {"model": "record.customer", "pk": 22, "fields": {"name": "Sig. Ippazio Scamarcio", "email": "lcaboto@example.net"}}, {"model": "record.customer", "pk": 23, "fields": {"name": "Sig. Nanni Morlacchi", "email": "marco58@example.net"}}, {"model": "record.customer", "pk": 24, "fields": {"name": "Bianca Ferrara", "email": "bacosiparide@example.net"}}, {"model": "record.customer", "pk": 25, "fields": {"name": "Giacobbe Volterra", "email": "adamobianchini@example.org"}}, {"model": "record.customer", "pk": 26, "fields": {"name": "Sig. Antonio Gaiatto", "email": "ktafuri@example.net"}}, {"model": "record.customer", "pk": 27, "fields": {"name": "Nicoletta Sibilia", "email": "marina04@example.com"}}, {"model": "record.customer", "pk": 28, "fields": {"name": "Fabrizio Randazzo", "email": "pagnottodonatello@example.org"}}, {"model": "record.customer", "pk": 29, "fields": {"name": "Dott. Lidia Cafarchia", "email": "bsaffi@example.net"}}, {"model": "record.customer", "pk": 30, "fields": {"name": "Elvira Redi", "email": "arnulfoponti@example.org"}}, {"model": "record.customer", "pk": 31, "fields": {"name": "Ermenegildo Vespa", "email": "lorenzotrezzini@example.org"}}, {"model": "record.customer", "pk": 32, "fields": {"name": "Amalia Cuzzocrea", "email": "antoninifredo@example.com"}}, {"model": "record.customer", "pk": 33, "fields": {"name": "Rosalia Argento-Guidone", "email": "gionata34@example.net"}}, {"model": "record.customer", "pk": 34, "fields": {"name": "Luciana Morandini", "email": "sole90@example.net"}}, {"model": "record.customer", "pk": 35, "fields": {"name": "Agostino Borgia-Polani", "email": "pierluigi16@example.org"}}, {"model": "record.customer", "pk": 36, "fields": {"name": "Susanna Pugliese-Mazzini", "email": "brandazzo@example.com"}}, {"model": "record.customer", "pk": 37, "fields": {"name": "Annibale Sismondi", "email": "jparuta@example.net"}}, {"model": "record.customer", "pk": 38, "fields": {"name": "Danilo Romagnoli", "email": "bpasqua@example.net"}}, {"model": "record.customer", "pk": 39, "fields": {"name": "Gianluca Tartini", "email": "fulvio25@example.com"}}, {"model": "record.customer", "pk": 40, "fields": {"name": "Raffaellino Pisaroni", "email": "giuliettibeppe@example.org"}}, {"model": "record.service", "pk": 1, "fields": {"title": "Quarry Manager"}}, {"model": "record.service", "pk": 2, "fields": {"title": "Clinical Biochemist"}}, {"model": "record.service", "pk": 3, "fields": {"title": "Stage Manager"}}, {"model": "record.service", "pk": 4, "fields": {"title": "Telecommunications Researcher"}}, {"model": "record.service", "pk": 5, "fields": {"title": "Audiological Scientist"}}, {"model": "record.service", "pk": 6, "fields": {"title": "Surveyor, Hydrographic"}}, {"model": "record.service", "pk": 7, "fields": {"title": "Estate Manager/Land Agent"}}, {"model": "record.service", "pk": 8, "fields": {"title": "Conference Centre Manager"}}, {"model": "record.service", "pk": 9, "fields": {"title": "Fisheries Officer"}}, {"model": "record.service", "pk": 10, "fields": {"title": "Make"}}, {"model": "record.service", "pk": 11, "fields": {"title": "Teacher, Early Years/Pre"}}, {"model": "record.service", "pk": 12, "fields": {"title": "Physicist, Medical"}}, {"model": "record.service", "pk": 13, "fields": {"title": "Scientist, Research (Physical Sciences)"}}, {"model": "record.service", "pk": 14, "fields": {"title": "Jewellery Designer"}}, {"model": "record.service", "pk": 15, "fields": {"title": "Race Relations Officer"}}, {"model": "record.service", "pk": 16, "fields": {"title": "Clothing/Textile Technologist"}}, {"model": "record.service", "pk": 17, "fields": {"title": "Diagnostic Radiographer"}}, {"model": "record.service", "pk": 18, "fields": {"title": "Higher Education Careers Adviser"}}, {"model": "record.service", "pk": 19, "fields": {"title": "Museum/Gallery Exhibitions Officer"}}, {"model": "record.service", "pk": 20, "fields": {"title": "Toxicologist"}}, {"model": "record.professional", "pk": 1, "fields": {"name": "Sig. Amedeo Anastasi", "email": "kbarsanti@example.com"}}, {"model": "record.professional", "pk": 2, "fields": {"name": "Dott. Mercedes Petralli", "email": "malipieroangelo@example.org"}}, {"model": "record.professional", "pk": 3, "fields": {"name": "Leopoldo Pavarotti-Finetti", "email": "xtrentini@example.com"}}, {"model": "record.professional", "pk": 4, "fields": {"name": "Romeo Verri", "email": "bajamontigermana@example.org"}}, {"model": "record.professional", "pk": 5, "fields": {"name": "Tonino Valentino", "email": "atartini@example.org"}}, {"model": "record.professional", "pk": 6, "fields": {"name": "Erika Bertoni", "email": "pier63@example.org"}}, {"model": "record.professional", "pk": 7, "fields": {"name": "Giacobbe Mondaini", "email": "giorgio30@example.net"}}, {"model": "record.professional", "pk": 8, "fields": {"name": "Gaspare Pausini", "email": "silvia37@example.com"}}, {"model": "record.professional", "pk": 9, "fields": {"name": "Lodovico Manacorda-Tafuri", "email": "letiziaviviani@example.org"}}, {"model": "record.professional", "pk": 10, "fields": {"name": "Melissa Rossini", "email": "bernardo45@example.net"}}, {"model": "record.professional", "pk": 11, "fields": {"name": "Mariano Tirabassi", "email": "paoloborgia@example.net"}}, {"model": "record.professional", "pk": 12, "fields": {"name": "Marina Ossani", "email": "bbruno@example.org"}}, {"model": "record.professional", "pk": 13, "fields": {"name": "Simone Sollima", "email": "luxardoalberto@example.com"}}, {"model": "record.professional", "pk": 14, "fields": {"name": "Dott. Bernardo Solari", "email": "ludovico90@example.com"}}, {"model": "record.professional", "pk": 15, "fields": {"name": "Sig.ra Matilda Amaldi", "email": "vsiffredi@example.net"}}, {"model": "record.professional", "pk": 16, "fields": {"name": "Serafina Lupo", "email": "celentanoclelia@example.net"}}, {"model": "record.professional", "pk": 17, "fields": {"name": "Flavio Pontecorvo", "email": "roberto14@example.com"}}, {"model": "record.professional", "pk": 18, "fields": {"name": "Gemma Valguarnera", "email": "polaniadelasia@example.com"}}, {"model": "record.professional", "pk": 19, "fields": {"name": "Gianfrancesco Disdero", "email": "gradenigogino@example.org"}}, {"model": "record.professional", "pk": 20, "fields": {"name": "Rosario Pellico", "email": "qmaspero@example.org"}}, {"model": "record.professional", "pk": 21, "fields": {"name": "Damiano Montecchi", "email": "guidoneraffaellino@example.net"}}, {"model": "record.professional", "pk": 22, "fields": {"name": "Sig. Niccolò Toninelli", "email": "lara72@example.net"}}, {"model": "record.professional", "pk": 23, "fields": {"name": "Serafina Fagiani-Sabatini", "email": "stella53@example.org"}}, {"model": "record.professional", "pk": 24, "fields": {"name": "Benedetto Balla", "email": "mpetralli@example.net"}}, {"model": "record.professional", "pk": 25, "fields": {"name": "Sig.ra Rosa Fantoni", "email": "pierpaolo46@example.com"}}, {"model": "record.professional", "pk": 26, "fields": {"name": "Sig. Marcello Sabbatini", "email": "achille25@example.org"}}, {"model": "record.professional", "pk": 27, "fields": {"name": "Nina Zabarella", "email": "oniodolores@example.net"}}, {"model": "record.professional", "pk": 28, "fields": {"name": "Cecilia Lamborghini", "email": "gioacchinosaracino@example.net"}}, {"model": "record.professional", "pk": 29, "fields": {"name": "Gianmarco Renzi", "email": "rubbiaseverino@example.com"}}, {"model": "record.professional", "pk": 30, "fields": {"name": "Dott. Romana Marangoni", "email": "danilopadovano@example.net"}}, {"model": "record.professional", "pk": 31, "fields": {"name": "Lando Prodi-Rapisardi", "email": "cortesefiorino@example.com"}}, {"model": "record.professional", "pk": 32, "fields": {"name": "Marisa Mengolo", "email": "imartinelli@example.org"}}, {"model": "record.professional", "pk": 33, "fields": {"name": "Gloria Benigni", "email": "jolanda54@example.com"}}, {"model": "record.professional", "pk": 34, "fields": {"name": "Dott. Filippa Fracci", "email": "sguarato@example.net"}}, {"model": "record.professional", "pk": 35, "fields": {"name": "Gioffre Callegari", "email": "gianni62@example.com"}}, {"model": "record.professional", "pk": 36, "fields": {"name": "Sig.ra Matilda Desio", "email": "dtamburi@example.com"}}, {"model": "record.professional", "pk": 37, "fields": {"name": "Olga Ariosto", "email": "ceciliatomaselli@example.com"}}, {"model": "record.professional", "pk": 38, "fields": {"name": "Temistocle Sraffa", "email": "giovanna36@example.org"}}, {"model": "record.professional", "pk": 39, "fields": {"name": "Marcello Montecchi-Cammarata", "email": "marenziorodolfo@example.net"}}, {"model": "record.professional", "pk": 40, "fields": {"name": "Mirko Orengo", "email": "brugnarocarolina@example.net"}}, {"model": "appointment.schedule", "pk": 1, "fields": {"date_time": "2025-01-08T07:32:31.929Z", "professional": 15, "service": 9, "customer": 26, "status": "2"}}, {"model": "appointment.schedule", "pk": 2, "fields": {"date_time": "2025-02-11T09:49:04.521Z", "professional": 37, "service": 8, "customer": 20, "status": "2"}}, {"model": "appointment.schedule", "pk": 3, "fields": {"date_time": "2025-02-12T02:35:07.331Z", "professional": 9, "service": 16, "customer": 16, "status": "2"}}, {"model": "appointment.schedule", "pk": 4, "fields": {"date_time": "2025-05-07T23:41:50.808Z", "professional": 27, "service": 11, "customer": 24, "status": "1"}}, {"model": "appointment.schedule", "pk": 5, "fields": {"date_time": "2025-03-02T00:29:15.604Z", "professional": 2, "service": 18, "customer": 40, "status": "1"}}, {"model": "appointment.schedule", "pk": 6, "fields": {"date_time": "2025-01-02T21:10:49.315Z", "professional": 36, "service": 20, "customer": 3, "status": "1"}}, {"model": "appointment.schedule", "pk": 7, "fields": {"date_time": "2025-01-07T15:18:41.698Z", "professional": 32, "service": 10, "customer": 8, "status": "3"}}, {"model": "appointment.schedule", "pk": 8, "fields": {"date_time": "2025-07-14T06:22:34.191Z", "professional": 39, "service": 18, "customer": 1, "status": "3"}}, {"model": "appointment.schedule", "pk": 9, "fields": {"date_time": "2025-07-17T11:28:10.378Z", "professional": 19, "service": 7, "customer": 19, "status": "3"}}, {"model": "appointment.schedule", "pk": 10, "fields": {"date_time": "2025-03-08T04:16:52.538Z", "professional": 26, "service": 19, "customer": 40, "status": "1"}}, {"model": "appointment.schedule", "pk": 11, "fields": {"date_time": "2025-03-31T16:24:12.842Z", "professional": 25, "service": 3, "customer": 26, "status": "2"}}, {"model": "appointment.schedule", "pk": 12, "fields": {"date_time": "2025-07-19T03:22:33.150Z", "professional": 36, "service": 8, "customer": 12, "status": "2"}}, {"model": "appointment.schedule", "pk": 13, "fields": {"date_time": "2025-02-25T16:06:21.969Z", "professional": 1, "service": 7, "customer": 19, "status": "1"}}, {"model": "appointment.schedule", "pk": 14, "fields": {"date_time": "2025-07-30T23:37:20.428Z", "professional": 29, "service": 7, "customer": 15, "status": "2"}}, {"model": "appointment.schedule", "pk": 15, "fields": {"date_time": "2025-03-09T04:20:41.360Z", "professional": 18, "service": 2, "customer": 5, "status": "3"}}, {"model": "appointment.schedule", "pk": 16, "fields": {"date_time": "2025-06-24T08:51:10.058Z", "professional": 14, "service": 13, "customer": 40, "status": "3"}}, {"model": "appointment.schedule", "pk": 17, "fields": {"date_time": "2025-05-06T12:54:22.839Z", "professional": 6, "service": 2, "customer": 6, "status": "3"}}, {"model": "appointment.schedule", "pk": 18, "fields": {"date_time": "2025-07-12T22:15:51.723Z", "professional": 26, "service": 7, "customer": 29, "status": "1"}}, {"model": "appointment.schedule", "pk": 19, "fields": {"date_time": "2025-01-06T21:57:23.755Z", "professional": 27, "service": 16, "customer": 1, "status": "2"}}, {"model": "appointment.schedule", "pk": 20, "fields": {"date_time": "2025-03-26T13:28:28.809Z", "professional": 37, "service": 8, "customer": 15, "status": "3"}}, {"model": "appointment.schedule", "pk": 21, "fields": {"date_time": "2025-04-15T15:38:39.669Z", "professional": 31, "service": 4, "customer": 32, "status": "2"}}, {"model": "appointment.schedule", "pk": 22, "fields": {"date_time": "2025-03-21T12:22:11.831Z", "professional": 22, "service": 7, "customer": 30, "status": "1"}}, {"model": "appointment.schedule", "pk": 23, "fields": {"date_time": "2025-07-14T16:17:59.668Z", "professional": 7, "service": 15, "customer": 4, "status": "1"}}, {"model": "appointment.schedule", "pk": 24, "fields": {"date_time": "2025-01-18T20:34:47.746Z", "professional": 4, "service": 16, "customer": 31, "status": "3"}}, {"model": "appointment.schedule", "pk": 25, "fields": {"date_time": "2025-02-27T02:33:18.088Z", "professional": 33, "service": 17, "customer": 13, "status": "3"}}, {"model": "appointment.schedule", "pk": 26, "fields": {"date_time": "2025-03-30T08:53:05.702Z", "professional": 7, "service": 11, "customer": 20, "status": "1"}}, {"model": "appointment.schedule", "pk": 27, "fields": {"date_time": "2025-05-12T09:47:32.150Z", "professional": 6, "service": 4, "customer": 12, "status": "1"}}, {"model": "appointment.schedule", "pk": 28, "fields": {"date_time": "2025-02-18T23:39:23.107Z", "professional": 40, "service": 11, "customer": 19, "status": "3"}}, {"model": "appointment.schedule", "pk": 29, "fields": {"date_time": "2025-01-12T22:31:02.305Z", "professional": 36, "service": 18, "customer": 27, "status": "2"}}, {"model": "appointment.schedule", "pk": 30, "fields": {"date_time": "2025-03-23T10:16:23.939Z", "professional": 34, "service": 8, "customer": 38, "status": "2"}}, {"model": "appointment.schedule", "pk": 31, "fields": {"date_time": "2025-05-10T21:29:36.802Z", "professional": 38, "service": 7, "customer": 10, "status": "3"}}, {"model": "appointment.schedule", "pk": 32, "fields": {"date_time": "2025-07-08T01:44:34.443Z", "professional": 34, "service": 4, "customer": 34, "status": "1"}}, {"model": "appointment.schedule", "pk": 33, "fields": {"date_time": "2025-06-23T09:30:31.942Z", "professional": 33, "service": 5, "customer": 20, "status": "1"}}, {"model": "appointment.schedule", "pk": 34, "fields": {"date_time": "2025-05-23T21:13:47.890Z", "professional": 11, "service": 2, "customer": 14, "status": "1"}}, {"model": "appointment.schedule", "pk": 35, "fields": {"date_time": "2025-04-08T08:40:14.353Z", "professional": 35, "service": 13, "customer": 5, "status": "1"}}, {"model": "appointment.schedule", "pk": 36, "fields": {"date_time": "2025-04-19T00:18:41.932Z", "professional": 31, "service": 9, "customer": 22, "status": "1"}}, {"model": "appointment.schedule", "pk": 37, "fields": {"date_time": "2025-02-11T15:27:38.201Z", "professional": 11, "service": 4, "customer": 14, "status": "1"}}, {"model": "appointment.schedule", "pk": 38, "fields": {"date_time": "2025-02-01T12:52:25.330Z", "professional": 38, "service": 13, "customer": 39, "status": "1"}}, {"model": "appointment.schedule", "pk": 39, "fields": {"date_time": "2025-06-05T19:25:00.594Z", "professional": 1, "service": 11, "customer": 34, "status": "3"}}, {"model": "appointment.schedule", "pk": 40, "fields": {"date_time": "2025-07-29T01:13:45.189Z", "professional": 6, "service": 3, "customer": 9, "status": "3"}}, {"model": "appointment.schedule", "pk": 41, "fields": {"date_time": "2025-02-24T14:10:42.779Z", "professional": 38, "service": 15, "customer": 29, "status": "3"}}, {"model": "appointment.schedule", "pk": 42, "fields": {"date_time": "2025-07-15T17:39:02.510Z", "professional": 4, "service": 8, "customer": 21, "status": "2"}}, {"model": "appointment.schedule", "pk": 43, "fields": {"date_time": "2025-01-25T13:51:37.823Z", "professional": 35, "service": 15, "customer": 5, "status": "1"}}, {"model": "appointment.schedule", "pk": 44, "fields": {"date_time": "2025-06-26T14:42:32.273Z", "professional": 16, "service": 12, "customer": 13, "status": "3"}}, {"model": "appointment.schedule", "pk": 45, "fields": {"date_time": "2025-03-08T09:11:04.602Z", "professional": 12, "service": 6, "customer": 36, "status": "1"}}, {"model": "appointment.schedule", "pk": 46, "fields": {"date_time": "2025-03-31T09:07:40.826Z", "professional": 13, "service": 5, "customer": 34, "status": "2"}}, {"model": "appointment.schedule", "pk": 47, "fields": {"date_time": "2025-02-03T20:46:35.124Z", "professional": 19, "service": 18, "customer": 40, "status": "3"}}, {"model": "appointment.schedule", "pk": 48, "fields": {"date_time": "2025-02-11T06:57:57.760Z", "professional": 22, "service": 12, "customer": 4, "status": "1"}}, {"model": "appointment.schedule", "pk": 49, "fields": {"date_time": "2025-03-17T12:03:07.891Z", "professional": 20, "service": 1, "customer": 12, "status": "3"}}, {"model": "appointment.schedule", "pk": 50, "fields": {"date_time": "2025-05-04T02:15:41.963Z", "professional": 19, "service": 17, "customer": 14, "status": "3"}}, {"model": "appointment.schedule", "pk": 51, "fields": {"date_time": "2025-06-18T00:19:27.829Z", "professional": 10, "service": 2, "customer": 8, "status": "3"}}, {"model": "appointment.schedule", "pk": 52, "fields": {"date_time": "2025-06-07T19:37:25.025Z", "professional": 1, "service": 14, "customer": 2, "status": "1"}}, {"model": "appointment.schedule", "pk": 53, "fields": {"date_time": "2025-01-26T09:51:17.340Z", "professional": 27, "service": 20, "customer": 40, "status": "1"}}, {"model": "appointment.schedule", "pk": 54, "fields": {"date_time": "2025-06-05T00:34:24.307Z", "professional": 30, "service": 4, "customer": 31, "status": "1"}}, {"model": "appointment.schedule", "pk": 55, "fields": {"date_time": "2025-05-09T07:33:07.115Z", "professional": 23, "service": 7, "customer": 24, "status": "1"}}, {"model": "appointment.schedule", "pk": 56, "fields": {"date_time": "2025-06-18T10:16:26.196Z", "professional": 11, "service": 5, "customer": 11, "status": "2"}}, {"model": "appointment.schedule", "pk": 57, "fields": {"date_time": "2025-03-05T14:22:02.489Z", "professional": 17, "service": 5, "customer": 34, "status": "1"}}, {"model": "appointment.schedule", "pk": 58, "fields": {"date_time": "2025-02-25T00:21:00.808Z", "professional": 30, "service": 5, "customer": 16, "status": "1"}}, {"model": "appointment.schedule", "pk": 59, "fields": {"date_time": "2025-04-12T16:47:13.251Z", "professional": 24, "service": 15, "customer": 6, "status": "3"}}, {"model": "appointment.schedule", "pk": 60, "fields": {"date_time": "2025-03-24T13:31:56.949Z", "professional": 37, "service": 4, "customer": 10, "status": "1"}}, {"model": "appointment.schedule", "pk": 61, "fields": {"date_time": "2025-07-01T12:37:35.272Z", "professional": 2, "service": 8, "customer": 15, "status": "2"}}, {"model": "appointment.schedule", "pk": 62, "fields": {"date_time": "2025-06-02T15:07:04.125Z", "professional": 28, "service": 1, "customer": 7, "status": "2"}}, {"model": "appointment.schedule", "pk": 63, "fields": {"date_time": "2025-01-30T23:59:18.417Z", "professional": 22, "service": 13, "customer": 8, "status": "3"}}, {"model": "appointment.schedule", "pk": 64, "fields": {"date_time": "2025-02-06T05:38:15.462Z", "professional": 9, "service": 16, "customer": 33, "status": "3"}}, {"model": "appointment.schedule", "pk": 65, "fields": {"date_time": "2025-04-25T19:32:21.799Z", "professional": 2, "service": 20, "customer": 33, "status": "2"}}, {"model": "appointment.schedule", "pk": 66, "fields": {"date_time": "2025-02-14T14:31:14.179Z", "professional": 13, "service": 8, "customer": 13, "status": "2"}}, {"model": "appointment.schedule", "pk": 67, "fields": {"date_time": "2025-04-11T07:54:04.081Z", "professional": 24, "service": 10, "customer": 31, "status": "2"}}, {"model": "appointment.schedule", "pk": 68, "fields": {"date_time": "2025-03-23T19:44:23.580Z", "professional": 3, "service": 2, "customer": 10, "status": "2"}}, {"model": "appointment.schedule", "pk": 69, "fields": {"date_time": "2025-02-07T14:58:04.386Z", "professional": 25, "service": 20, "customer": 21, "status": "2"}}, {"model": "appointment.schedule", "pk": 70, "fields": {"date_time": "2025-01-05T08:30:18.724Z", "professional": 28, "service": 18, "customer": 17, "status": "2"}}, {"model": "appointment.schedule", "pk": 71, "fields": {"date_time": "2025-07-22T22:46:52.802Z", "professional": 10, "service": 14, "customer": 11, "status": "2"}}, {"model": "appointment.schedule", "pk": 72, "fields": {"date_time": "2025-03-28T15:19:13.405Z", "professional": 30, "service": 16, "customer": 34, "status": "3"}}, {"model": "appointment.schedule", "pk": 73, "fields": {"date_time": "2025-07-22T20:53:00.025Z", "professional": 18, "service": 7, "customer": 36, "status": "2"}}, {"model": "appointment.schedule", "pk": 74, "fields": {"date_time": "2025-03-29T12:15:24.210Z", "professional": 9, "service": 14, "customer": 34, "status": "1"}}, {"model": "appointment.schedule", "pk": 75, "fields": {"date_time": "2025-04-14T07:52:25.382Z", "professional": 16, "service": 8, "customer": 11, "status": "3"}}, {"model": "appointment.schedule", "pk": 76, "fields": {"date_time": "2025-03-22T01:23:04.042Z", "professional": 22, "service": 2, "customer": 3, "status": "2"}}, {"model": "appointment.schedule", "pk": 77, "fields": {"date_time": "2025-01-28T23:41:44.198Z", "professional": 19, "service": 6, "customer": 32, "status": "1"}}, {"model": "appointment.schedule", "pk": 78, "fields": {"date_time": "2025-03-28T15:29:45.784Z", "professional": 35, "service": 15, "customer": 33, "status": "1"}}, {"model": "appointment.schedule", "pk": 79, "fields": {"date_time": "2025-03-28T17:33:45.469Z", "professional": 29, "service": 15, "customer": 27, "status": "1"}}, {"model": "appointment.schedule", "pk": 80, "fields": {"date_time": "2025-08-07T10:29:52.869Z", "professional": 18, "service": 9, "customer": 24, "status": "3"}}, {"model": "appointment.schedule", "pk": 81, "fields": {"date_time": "2025-04-14T12:52:04.557Z", "professional": 4, "service": 15, "customer": 34, "status": "1"}}, {"model": "appointment.schedule", "pk": 82, "fields": {"date_time": "2025-04-03T05:32:28.070Z", "professional": 18, "service": 6, "customer": 23, "status": "3"}}, {"model": "appointment.schedule", "pk": 83, "fields": {"date_time": "2025-01-14T23:50:48.772Z", "professional": 21, "service": 5, "customer": 17, "status": "3"}}, {"model": "appointment.schedule", "pk": 84, "fields": {"date_time": "2025-05-09T13:35:18.786Z", "professional": 35, "service": 18, "customer": 11, "status": "1"}}, {"model": "appointment.schedule", "pk": 85, "fields": {"date_time": "2025-03-02T14:02:37.182Z", "professional": 25, "service": 14, "customer": 5, "status": "2"}}, {"model": "appointment.schedule", "pk": 86, "fields": {"date_time": "2025-05-22T10:56:36.730Z", "professional": 10, "service": 17, "customer": 24, "status": "2"}}, {"model": "appointment.schedule", "pk": 87, "fields": {"date_time": "2025-05-18T19:53:33.321Z", "professional": 3, "service": 3, "customer": 17, "status": "1"}}, {"model": "appointment.schedule", "pk": 88, "fields": {"date_time": "2025-02-04T11:51:10.612Z", "professional": 24, "service": 17, "customer": 15, "status": "1"}}, {"model": "appointment.schedule", "pk": 89, "fields": {"date_time": "2025-07-20T03:02:31.028Z", "professional": 36, "service": 1, "customer": 4, "status": "1"}}, {"model": "appointment.schedule", "pk": 90, "fields": {"date_time": "2025-06-22T00:09:38.802Z", "professional": 23, "service": 2, "customer": 26, "status": "1"}}, {"model": "appointment.schedule", "pk": 91, "fields": {"date_time": "2025-02-09T04:20:12.309Z", "professional": 11, "service": 6, "customer": 12, "status": "2"}}, {"model": "appointment.schedule", "pk": 92, "fields": {"date_time": "2025-04-01T19:31:56.105Z", "professional": 36, "service": 20, "customer": 22, "status": "1"}}, {"model": "appointment.schedule", "pk": 93, "fields": {"date_time": "2025-03-14T17:21:10.396Z", "professional": 36, "service": 5, "customer": 36, "status": "1"}}, {"model": "appointment.schedule", "pk": 94, "fields": {"date_time": "2025-02-07T11:59:41.981Z", "professional": 30, "service": 2, "customer": 17, "status": "3"}}, {"model": "appointment.schedule", "pk": 95, "fields": {"date_time": "2025-06-07T19:57:34.836Z", "professional": 21, "service": 18, "customer": 29, "status": "2"}}, {"model": "appointment.schedule", "pk": 96, "fields": {"date_time": "2025-05-06T09:39:42.455Z", "professional": 35, "service": 1, "customer": 28, "status": "3"}}, {"model": "appointment.schedule", "pk": 97, "fields": {"date_time": "2025-02-22T03:49:51.136Z", "professional": 3, "service": 20, "customer": 20, "status": "1"}}, {"model": "appointment.schedule", "pk": 98, "fields": {"date_time": "2025-06-21T20:41:56.234Z", "professional": 11, "service": 11, "customer": 22, "status": "1"}}, {"model": "appointment.schedule", "pk": 99, "fields": {"date_time": "2025-05-15T23:17:40.892Z", "professional": 10, "service": 1, "customer": 26, "status": "3"}}, {"model": "appointment.schedule", "pk": 100, "fields": {"date_time": "2025-02-12T23:18:18.665Z", "professional": 2, "service": 15, "customer": 25, "status": "2"}}, {"model": "appointment.schedule", "pk": 101, "fields": {"date_time": "2025-04-07T08:38:02.559Z", "professional": 32, "service": 1, "customer": 37, "status": "1"}}, {"model": "appointment.schedule", "pk": 102, "fields": {"date_time": "2025-07-14T17:13:39.736Z", "professional": 12, "service": 8, "customer": 29, "status": "3"}}, {"model": "appointment.schedule", "pk": 103, "fields": {"date_time": "2025-03-20T17:40:19.803Z", "professional": 19, "service": 17, "customer": 36, "status": "3"}}, {"model": "appointment.schedule", "pk": 104, "fields": {"date_time": "2025-05-31T23:25:47.549Z", "professional": 37, "service": 9, "customer": 21, "status": "3"}}, {"model": "appointment.schedule", "pk": 105, "fields": {"date_time": "2025-07-11T18:17:35.729Z", "professional": 14, "service": 7, "customer": 4, "status": "2"}}, {"model": "appointment.schedule", "pk": 106, "fields": {"date_time": "2025-07-21T09:49:02.650Z", "professional": 39, "service": 13, "customer": 2, "status": "1"}}, {"model": "appointment.schedule", "pk": 107, "fields": {"date_time": "2025-07-28T16:21:15.653Z", "professional": 10, "service": 12, "customer": 18, "status": "3"}}, {"model": "appointment.schedule", "pk": 108, "fields": {"date_time": "2025-01-12T15:32:08.307Z", "professional": 1, "service": 6, "customer": 9, "status": "3"}}, {"model": "appointment.schedule", "pk": 109, "fields": {"date_time": "2025-02-20T02:32:32.909Z", "professional": 8, "service": 8, "customer": 31, "status": "2"}}, {"model": "appointment.schedule", "pk": 110, "fields": {"date_time": "2025-05-25T07:10:44.557Z", "professional": 31, "service": 17, "customer": 4, "status": "3"}}, {"model": "appointment.schedule", "pk": 111, "fields": {"date_time": "2025-07-30T17:58:31.752Z", "professional": 10, "service": 12, "customer": 11, "status": "1"}}, {"model": "appointment.schedule", "pk": 112, "fields": {"date_time": "2025-07-11T13:41:08.397Z", "professional": 38, "service": 16, "customer": 1, "status": "2"}}, {"model": "appointment.schedule", "pk": 113, "fields": {"date_time": "2025-03-09T18:05:50.236Z", "professional": 25, "service": 3, "customer": 25, "status": "1"}}, {"model": "appointment.schedule", "pk": 114, "fields": {"date_time": "2025-03-26T00:00:46.700Z", "professional": 40, "service": 15, "customer": 1, "status": "2"}}, {"model": "appointment.schedule", "pk": 115, "fields": {"date_time": "2025-05-23T07:17:06.574Z", "professional": 5, "service": 18, "customer": 40, "status": "1"}}, {"model": "appointment.schedule", "pk": 116, "fields": {"date_time": "2025-03-15T07:29:40.748Z", "professional": 32, "service": 7, "customer": 13, "status": "3"}}, {"model": "appointment.schedule", "pk": 117, "fields": {"date_time": "2025-05-16T19:07:33.755Z", "professional": 2, "service": 8, "customer": 22, "status": "1"}}, {"model": "appointment.schedule", "pk": 118, "fields": {"date_time": "2025-03-09T21:59:12.052Z", "professional": 40, "service": 17, "customer": 26, "status": "2"}}, {"model": "appointment.schedule", "pk": 119, "fields": {"date_time": "2025-01-02T18:03:02.128Z", "professional": 13, "service": 2, "customer": 37, "status": "3"}}, {"model": "appointment.schedule", "pk": 120, "fields": {"date_time": "2025-04-20T23:04:09.643Z", "professional": 1, "service": 18, "customer": 14, "status": "1"}}, {"model": "appointment.schedule", "pk": 121, "fields": {"date_time": "2025-08-05T15:58:18.940Z", "professional": 34, "service": 18, "customer": 23, "status": "3"}}, {"model": "appointment.schedule", "pk": 122, "fields": {"date_time": "2025-06-01T17:14:27.135Z", "professional": 2, "service": 13, "customer": 13, "status": "2"}}, {"model": "appointment.schedule", "pk": 123, "fields": {"date_time": "2025-08-01T23:04:37.882Z", "professional": 17, "service": 8, "customer": 28, "status": "3"}}, {"model": "appointment.schedule", "pk": 124, "fields": {"date_time": "2025-03-30T01:16:51.626Z", "professional": 22, "service": 12, "customer": 20, "status": "1"}}, {"model": "appointment.schedule", "pk": 125, "fields": {"date_time": "2025-06-23T00:52:03.708Z", "professional": 7, "service": 6, "customer": 16, "status": "1"}}, {"model": "appointment.schedule", "pk": 126, "fields": {"date_time": "2025-05-23T05:38:12.420Z", "professional": 23, "service": 3, "customer": 9, "status": "2"}}, {"model": "appointment.schedule", "pk": 127, "fields": {"date_time": "2025-02-16T03:45:33.013Z", "professional": 25, "service": 9, "customer": 22, "status": "1"}}, {"model": "appointment.schedule", "pk": 128, "fields": {"date_time": "2025-04-20T03:12:32.357Z", "professional": 4, "service": 19, "customer": 9, "status": "3"}}, {"model": "appointment.schedule", "pk": 129, "fields": {"date_time": "2025-07-06T23:45:28.922Z", "professional": 16, "service": 7, "customer": 23, "status": "3"}}, {"model": "appointment.schedule", "pk": 130, "fields": {"date_time": "2025-07-10T22:02:09.719Z", "professional": 13, "service": 17, "customer": 2, "status": "2"}}, {"model": "appointment.schedule", "pk": 131, "fields": {"date_time": "2025-05-31T07:03:52.547Z", "professional": 2, "service": 3, "customer": 40, "status": "3"}}, {"model": "appointment.schedule", "pk": 132, "fields": {"date_time": "2025-03-06T23:58:55.117Z", "professional": 3, "service": 11, "customer": 6, "status": "1"}}, {"model": "appointment.schedule", "pk": 133, "fields": {"date_time": "2025-02-02T09:14:09.056Z", "professional": 20, "service": 14, "customer": 34, "status": "2"}}, {"model": "appointment.schedule", "pk": 134, "fields": {"date_time": "2025-06-22T02:13:43.802Z", "professional": 32, "service": 17, "customer": 37, "status": "1"}}, {"model": "appointment.schedule", "pk": 135, "fields": {"date_time": "2025-04-13T11:53:52.987Z", "professional": 17, "service": 15, "customer": 28, "status": "3"}}, {"model": "appointment.schedule", "pk": 136, "fields": {"date_time": "2025-03-14T21:26:40.980Z", "professional": 19, "service": 8, "customer": 29, "status": "3"}}, {"model": "appointment.schedule", "pk": 137, "fields": {"date_time": "2025-06-11T05:54:19.839Z", "professional": 40, "service": 18, "customer": 40, "status": "1"}}, {"model": "appointment.schedule", "pk": 138, "fields": {"date_time": "2025-05-12T11:00:23.757Z", "professional": 17, "service": 14, "customer": 19, "status": "3"}}, {"model": "appointment.schedule", "pk": 139, "fields": {"date_time": "2025-06-28T18:14:49.748Z", "professional": 23, "service": 13, "customer": 20, "status": "3"}}, {"model": "appointment.schedule", "pk": 140, "fields": {"date_time": "2025-04-19T00:31:09.111Z", "professional": 14, "service": 8, "customer": 38, "status": "3"}}, {"model": "appointment.schedule", "pk": 141, "fields": {"date_time": "2025-03-15T08:57:18.012Z", "professional": 14, "service": 1, "customer": 11, "status": "1"}}, {"model": "appointment.schedule", "pk": 142, "fields": {"date_time": "2025-01-06T15:20:29.155Z", "professional": 26, "service": 19, "customer": 6, "status": "2"}}, {"model": "appointment.schedule", "pk": 143, "fields": {"date_time": "2025-05-15T19:41:15.786Z", "professional": 2, "service": 9, "customer": 27, "status": "1"}}, {"model": "appointment.schedule", "pk": 144, "fields": {"date_time": "2025-03-07T14:38:53.357Z", "professional": 16, "service": 12, "customer": 15, "status": "1"}}, {"model": "appointment.schedule", "pk": 145, "fields": {"date_time": "2025-03-12T09:31:04.962Z", "professional": 37, "service": 14, "customer": 31, "status": "2"}}, {"model": "appointment.schedule", "pk": 146, "fields": {"date_time": "2025-04-21T06:30:24.806Z", "professional": 23, "service": 3, "customer": 28, "status": "2"}}, {"model": "appointment.schedule", "pk": 147, "fields": {"date_time": "2025-03-27T22:22:07.527Z", "professional": 2, "service": 18, "customer": 4, "status": "2"}}, {"model": "appointment.schedule", "pk": 148, "fields": {"date_time": "2025-08-02T17:48:12.101Z", "professional": 35, "service": 6, "customer": 20, "status": "2"}}, {"model": "appointment.schedule", "pk": 149, "fields": {"date_time": "2025-02-20T19:17:32.093Z", "professional": 28, "service": 9, "customer": 35, "status": "3"}}, {"model": "appointment.schedule", "pk": 150, "fields": {"date_time": "2025-07-16T09:01:08.182Z", "professional": 30, "service": 4, "customer": 22, "status": "2"}}, {"model": "appointment.schedule", "pk": 151, "fields": {"date_time": "2025-08-07T05:46:07.163Z", "professional": 27, "service": 18, "customer": 12, "status": "2"}}, {"model": "appointment.schedule", "pk": 152, "fields": {"date_time": "2025-03-07T23:09:10.707Z", "professional": 21, "service": 2, "customer": 14, "status": "2"}}, {"model": "appointment.schedule", "pk": 153, "fields": {"date_time": "2025-01-01T19:59:09.911Z", "professional": 1, "service": 8, "customer": 8, "status": "1"}}, {"model": "appointment.schedule", "pk": 154, "fields": {"date_time": "2025-07-31T10:53:31.871Z", "professional": 16, "service": 9, "customer": 11, "status": "1"}}, {"model": "appointment.schedule", "pk": 155, "fields": {"date_time": "2025-03-05T06:48:09.498Z", "professional": 26, "service": 17, "customer": 33, "status": "3"}}, {"model": "appointment.schedule", "pk": 156, "fields": {"date_time": "2025-07-12T04:16:41.813Z", "professional": 29, "service": 12, "customer": 39, "status": "2"}}, {"model": "appointment.schedule", "pk": 157, "fields": {"date_time": "2025-06-15T22:15:14.386Z", "professional": 33, "service": 16, "customer": 37, "status": "2"}}, {"model": "appointment.schedule", "pk": 158, "fields": {"date_time": "2025-03-04T09:45:08.884Z", "professional": 2, "service": 18, "customer": 3, "status": "2"}}, {"model": "appointment.schedule", "pk": 159, "fields": {"date_time": "2025-01-13T11:03:11.318Z", "professional": 13, "service": 2, "customer": 7, "status": "2"}}, {"model": "appointment.schedule", "pk": 160, "fields": {"date_time": "2025-07-09T15:22:59.897Z", "professional": 9, "service": 11, "customer": 23, "status": "3"}}, {"model": "appointment.schedule", "pk": 161, "fields": {"date_time": "2025-05-24T10:07:59.889Z", "professional": 20, "service": 7, "customer": 27, "status": "2"}}, {"model": "appointment.schedule", "pk": 162, "fields": {"date_time": "2025-01-16T23:13:02.064Z", "professional": 15, "service": 20, "customer": 39, "status": "1"}}, {"model": "appointment.schedule", "pk": 163, "fields": {"date_time": "2025-01-30T01:59:15.950Z", "professional": 29, "service": 13, "customer": 32, "status": "2"}}, {"model": "appointment.schedule", "pk": 164, "fields": {"date_time": "2025-04-22T16:45:17.498Z", "professional": 14, "service": 9, "customer": 5, "status": "2"}}, {"model": "appointment.schedule", "pk": 165, "fields": {"date_time": "2025-01-26T19:19:43.828Z", "professional": 29, "service": 2, "customer": 24, "status": "1"}}, {"model": "appointment.schedule", "pk": 166, "fields": {"date_time": "2025-04-07T04:54:38.933Z", "professional": 28, "service": 10, "customer": 5, "status": "3"}}, {"model": "appointment.schedule", "pk": 167, "fields": {"date_time": "2025-05-11T05:39:41.028Z", "professional": 37, "service": 3, "customer": 38, "status": "1"}}, {"model": "appointment.schedule", "pk": 168, "fields": {"date_time": "2025-02-10T23:50:00.135Z", "professional": 36, "service": 2, "customer": 12, "status": "2"}}, {"model": "appointment.schedule", "pk": 169, "fields": {"date_time": "2025-02-01T17:06:51.114Z", "professional": 39, "service": 18, "customer": 12, "status": "3"}}, {"model": "appointment.schedule", "pk": 170, "fields": {"date_time": "2025-05-23T16:30:31.402Z", "professional": 32, "service": 18, "customer": 37, "status": "2"}}, {"model": "appointment.schedule", "pk": 171, "fields": {"date_time": "2025-08-06T09:12:02.861Z", "professional": 2, "service": 16, "customer": 16, "status": "3"}}, {"model": "appointment.schedule", "pk": 172, "fields": {"date_time": "2025-07-05T11:29:30.145Z", "professional": 10, "service": 9, "customer": 38, "status": "3"}}, {"model": "appointment.schedule", "pk": 173, "fields": {"date_time": "2025-03-28T12:02:47.665Z", "professional": 3, "service": 12, "customer": 27, "status": "1"}}, {"model": "appointment.schedule", "pk": 174, "fields": {"date_time": "2025-06-20T22:05:39.335Z", "professional": 18, "service": 19, "customer": 28, "status": "1"}}, {"model": "appointment.schedule", "pk": 175, "fields": {"date_time": "2025-05-22T01:23:08.287Z", "professional": 6, "service": 4, "customer": 22, "status": "3"}}, {"model": "appointment.schedule", "pk": 176, "fields": {"date_time": "2025-03-12T18:36:47.209Z", "professional": 20, "service": 1, "customer": 31, "status": "3"}}, {"model": "appointment.schedule", "pk": 177, "fields": {"date_time": "2025-01-21T17:29:40.246Z", "professional": 20, "service": 6, "customer": 13, "status": "1"}}, {"model": "appointment.schedule", "pk": 178, "fields": {"date_time": "2025-02-21T03:38:45.049Z", "professional": 8, "service": 3, "customer": 31, "status": "1"}}, {"model": "appointment.schedule", "pk": 179, "fields": {"date_time": "2025-06-20T03:21:45.395Z", "professional": 16, "service": 19, "customer": 12, "status": "2"}}, {"model": "appointment.schedule", "pk": 180, "fields": {"date_time": "2025-06-12T17:43:04.548Z", "professional": 35, "service": 19, "customer": 25, "status": "2"}}, {"model": "appointment.schedule", "pk": 181, "fields": {"date_time": "2025-05-11T08:10:50.950Z", "professional": 28, "service": 8, "customer": 2, "status": "3"}}, {"model": "appointment.schedule", "pk": 182, "fields": {"date_time": "2025-04-29T19:56:43.778Z", "professional": 6, "service": 7, "customer": 3, "status": "2"}}, {"model": "appointment.schedule", "pk": 183, "fields": {"date_time": "2025-01-02T08:20:12.316Z", "professional": 25, "service": 10, "customer": 2, "status": "3"}}, {"model": "appointment.schedule", "pk": 184, "fields": {"date_time": "2025-07-23T09:55:17.180Z", "professional": 31, "service": 3, "customer": 9, "status": "3"}}, {"model": "appointment.schedule", "pk": 185, "fields": {"date_time": "2025-04-12T18:07:05.885Z", "professional": 26, "service": 15, "customer": 26, "status": "1"}}, {"model": "appointment.schedule", "pk": 186, "fields": {"date_time": "2025-06-29T08:57:47.438Z", "professional": 22, "service": 4, "customer": 19, "status": "3"}}, {"model": "appointment.schedule", "pk": 187, "fields": {"date_time": "2025-03-16T03:07:50.279Z", "professional": 31, "service": 2, "customer": 3, "status": "2"}}, {"model": "appointment.schedule", "pk": 188, "fields": {"date_time": "2025-02-20T20:15:06.053Z", "professional": 20, "service": 8, "customer": 5, "status": "1"}}, {"model": "appointment.schedule", "pk": 189, "fields": {"date_time": "2025-03-28T03:37:21.684Z", "professional": 27, "service": 10, "customer": 17, "status": "1"}}, {"model": "appointment.schedule", "pk": 190, "fields": {"date_time": "2025-01-22T04:07:50.564Z", "professional": 21, "service": 16, "customer": 2, "status": "3"}}, {"model": "appointment.schedule", "pk": 191, "fields": {"date_time": "2025-02-23T02:13:00.496Z", "professional": 17, "service": 10, "customer": 28, "status": "1"}}, {"model": "appointment.schedule", "pk": 192, "fields": {"date_time": "2025-07-02T01:57:10.244Z", "professional": 12, "service": 14, "customer": 35, "status": "2"}}, {"model": "appointment.schedule", "pk": 193, "fields": {"date_time": "2025-01-12T18:41:01.696Z", "professional": 18, "service": 7, "customer": 23, "status": "3"}}, {"model": "appointment.schedule", "pk": 194, "fields": {"date_time": "2025-03-22T12:04:01.739Z", "professional": 1, "service": 18, "customer": 6, "status": "3"}}, {"model": "appointment.schedule", "pk": 195, "fields": {"date_time": "2025-07-29T05:15:25.688Z", "professional": 13, "service": 17, "customer": 35, "status": "1"}}, {"model": "appointment.schedule", "pk": 196, "fields": {"date_time": "2025-06-18T22:34:36.537Z", "professional": 39, "service": 20, "customer": 34, "status": "2"}}, {"model": "appointment.schedule", "pk": 197, "fields": {"date_time": "2025-03-07T04:00:03.275Z", "professional": 31, "service": 7, "customer": 26, "status": "1"}}, {"model": "appointment.schedule", "pk": 198, "fields": {"date_time": "2025-03-05T22:13:13.528Z", "professional": 24, "service": 9, "customer": 1, "status": "1"}}, {"model": "appointment.schedule", "pk": 199, "fields": {"date_time": "2025-01-31T09:52:00.206Z", "professional": 27, "service": 3, "customer": 32, "status": "3"}}, {"model": "appointment.schedule", "pk": 200, "fields": {"date_time": "2025-03-08T08:56:05.209Z", "professional": 38, "service": 12, "customer": 37, "status": "1"}}, {"model": "appointment.schedule", "pk": 201, "fields": {"date_time": "2025-04-26T20:22:14.794Z", "professional": 36, "service": 14, "customer": 20, "status": "1"}}, {"model": "appointment.schedule", "pk": 202, "fields": {"date_time": "2025-07-29T21:18:37.277Z", "professional": 29, "service": 12, "customer": 7, "status": "3"}}, {"model": "appointment.schedule", "pk": 203, "fields": {"date_time": "2025-07-09T02:05:09.591Z", "professional": 5, "service": 1, "customer": 9, "status": "3"}}, {"model": "appointment.schedule", "pk": 204, "fields": {"date_time": "2025-05-17T02:23:26.752Z", "professional": 8, "service": 17, "customer": 19, "status": "1"}}, {"model": "appointment.schedule", "pk": 205, "fields": {"date_time": "2025-07-19T02:08:38.085Z", "professional": 26, "service": 20, "customer": 3, "status": "1"}}, {"model": "appointment.schedule", "pk": 206, "fields": {"date_time": "2025-01-20T12:14:57.317Z", "professional": 13, "service": 12, "customer": 4, "status": "1"}}, {"model": "appointment.schedule", "pk": 207, "fields": {"date_time": "2025-04-17T16:57:45.473Z", "professional": 2, "service": 14, "customer": 14, "status": "2"}}, {"model": "appointment.schedule", "pk": 208, "fields": {"date_time": "2025-03-24T11:43:20.835Z", "professional": 7, "service": 18, "customer": 24, "status": "2"}}, {"model": "appointment.schedule", "pk": 209, "fields": {"date_time": "2025-02-04T18:42:28.755Z", "professional": 30, "service": 12, "customer": 10, "status": "1"}}, {"model": "appointment.schedule", "pk": 210, "fields": {"date_time": "2025-04-30T10:24:03.653Z", "professional": 20, "service": 3, "customer": 19, "status": "1"}}, {"model": "appointment.schedule", "pk": 211, "fields": {"date_time": "2025-07-26T09:18:55.545Z", "professional": 4, "service": 12, "customer": 35, "status": "2"}}, {"model": "appointment.schedule", "pk": 212, "fields": {"date_time": "2025-06-03T05:39:06.534Z", "professional": 32, "service": 10, "customer": 30, "status": "1"}}, {"model": "appointment.schedule", "pk": 213, "fields": {"date_time": "2025-01-27T06:45:02.651Z", "professional": 33, "service": 15, "customer": 7, "status": "3"}}, {"model": "appointment.schedule", "pk": 214, "fields": {"date_time": "2025-06-11T18:20:27.408Z", "professional": 36, "service": 17, "customer": 1, "status": "3"}}, {"model": "appointment.schedule", "pk": 215, "fields": {"date_time": "2025-06-09T09:40:50.123Z", "professional": 6, "service": 13, "customer": 17, "status": "1"}}, {"model": "appointment.schedule", "pk": 216, "fields": {"date_time": "2025-06-20T21:50:23.809Z", "professional": 34, "service": 6, "customer": 15, "status": "1"}}, {"model": "appointment.schedule", "pk": 217, "fields": {"date_time": "2025-07-13T06:33:52.717Z", "professional": 9, "service": 4, "customer": 28, "status": "1"}}, {"model": "appointment.schedule", "pk": 218, "fields": {"date_time": "2025-05-11T01:38:43.780Z", "professional": 29, "service": 1, "customer": 10, "status": "2"}}, {"model": "appointment.schedule", "pk": 219, "fields": {"date_time": "2025-04-20T16:49:06.417Z", "professional": 10, "service": 12, "customer": 11, "status": "1"}}, {"model": "appointment.schedule", "pk": 220, "fields": {"date_time": "2025-07-25T00:10:10.881Z", "professional": 24, "service": 8, "customer": 30, "status": "2"}}, {"model": "appointment.schedule", "pk": 221, "fields": {"date_time": "2025-01-02T21:05:04.404Z", "professional": 37, "service": 15, "customer": 36, "status": "3"}}, {"model": "appointment.schedule", "pk": 222, "fields": {"date_time": "2025-04-20T02:49:51.166Z", "professional": 29, "service": 14, "customer": 40, "status": "3"}}, {"model": "appointment.schedule", "pk": 223, "fields": {"date_time": "2025-05-27T11:07:13.347Z", "professional": 33, "service": 5, "customer": 30, "status": "2"}}, {"model": "appointment.schedule", "pk": 224, "fields": {"date_time": "2025-05-19T02:22:47.465Z", "professional": 22, "service": 12, "customer": 15, "status": "3"}}, {"model": "appointment.schedule", "pk": 225, "fields": {"date_time": "2025-01-01T04:29:15.358Z", "professional": 29, "service": 2, "customer": 9, "status": "2"}}, {"model": "appointment.schedule", "pk": 226, "fields": {"date_time": "2025-05-27T06:02:06.099Z", "professional": 21, "service": 8, "customer": 21, "status": "3"}}, {"model": "appointment.schedule", "pk": 227, "fields": {"date_time": "2025-01-22T20:37:07.326Z", "professional": 23, "service": 12, "customer": 9, "status": "3"}}, {"model": "appointment.schedule", "pk": 228, "fields": {"date_time": "2025-04-19T03:41:35.228Z", "professional": 11, "service": 3, "customer": 15, "status": "3"}}, {"model": "appointment.schedule", "pk": 229, "fields": {"date_time": "2025-03-22T16:52:41.485Z", "professional": 25, "service": 19, "customer": 32, "status": "1"}}, {"model": "appointment.schedule", "pk": 230, "fields": {"date_time": "2025-06-29T22:01:02.521Z", "professional": 22, "service": 17, "customer": 29, "status": "2"}}, {"model": "appointment.schedule", "pk": 231, "fields": {"date_time": "2025-02-27T04:20:21.805Z", "professional": 34, "service": 19, "customer": 17, "status": "2"}}, {"model": "appointment.schedule", "pk": 232, "fields": {"date_time": "2025-04-19T11:08:19.733Z", "professional": 23, "service": 12, "customer": 13, "status": "1"}}, {"model": "appointment.schedule", "pk": 233, "fields": {"date_time": "2025-02-21T12:14:25.917Z", "professional": 19, "service": 2, "customer": 6, "status": "2"}}, {"model": "appointment.schedule", "pk": 234, "fields": {"date_time": "2025-06-24T12:34:55.749Z", "professional": 27, "service": 18, "customer": 23, "status": "2"}}, {"model": "appointment.schedule", "pk": 235, "fields": {"date_time": "2025-03-29T19:34:22.123Z", "professional": 17, "service": 11, "customer": 1, "status": "1"}}, {"model": "appointment.schedule", "pk": 236, "fields": {"date_time": "2025-03-13T20:29:59.443Z", "professional": 4, "service": 8, "customer": 32, "status": "1"}}, {"model": "appointment.schedule", "pk": 237, "fields": {"date_time": "2025-04-03T14:20:44.866Z", "professional": 13, "service": 13, "customer": 8, "status": "1"}}, {"model": "appointment.schedule", "pk": 238, "fields": {"date_time": "2025-01-05T04:25:29.573Z", "professional": 13, "service": 18, "customer": 20, "status": "2"}}, {"model": "appointment.schedule", "pk": 239, "fields": {"date_time": "2025-04-18T16:02:02.524Z", "professional": 40, "service": 16, "customer": 34, "status": "2"}}, {"model": "appointment.schedule", "pk": 240, "fields": {"date_time": "2025-07-09T11:19:48.404Z", "professional": 37, "service": 20, "customer": 13, "status": "2"}}, {"model": "appointment.schedule", "pk": 241, "fields": {"date_time": "2025-07-01T18:24:14.944Z", "professional": 2, "service": 18, "customer": 36, "status": "2"}}, {"model": "appointment.schedule", "pk": 242, "fields": {"date_time": "2025-02-25T22:31:40.524Z", "professional": 29, "service": 6, "customer": 23, "status": "2"}}, {"model": "appointment.schedule", "pk": 243, "fields": {"date_time": "2025-06-28T16:29:42.338Z", "professional": 39, "service": 10, "customer": 10, "status": "2"}}, {"model": "appointment.schedule", "pk": 244, "fields": {"date_time": "2025-03-03T23:01:29.856Z", "professional": 37, "service": 16, "customer": 35, "status": "1"}}, {"model": "appointment.schedule", "pk": 245, "fields": {"date_time": "2025-01-03T03:50:10.927Z", "professional": 29, "service": 13, "customer": 23, "status": "1"}}, {"model": "appointment.schedule", "pk": 246, "fields": {"date_time": "2025-04-28T22:36:57.694Z", "professional": 10, "service": 20, "customer": 6, "status": "2"}}, {"model": "appointment.schedule", "pk": 247, "fields": {"date_time": "2025-06-08T15:24:38.503Z", "professional": 26, "service": 1, "customer": 35, "status": "3"}}, {"model": "appointment.schedule", "pk": 248, "fields": {"date_time": "2025-05-19T18:37:10.818Z", "professional": 28, "service": 13, "customer": 26, "status": "3"}}, {"model": "appointment.schedule", "pk": 249, "fields": {"date_time": "2025-04-05T05:17:27.914Z", "professional": 17, "service": 16, "customer": 23, "status": "1"}}, {"model": "appointment.schedule", "pk": 250, "fields": {"date_time": "2025-02-23T19:29:03.438Z", "professional": 37, "service": 13, "customer": 38, "status": "1"}}, {"model": "appointment.schedule", "pk": 251, "fields": {"date_time": "2025-06-05T14:36:02.168Z", "professional": 20, "service": 17, "customer": 25, "status": "3"}}, {"model": "appointment.schedule", "pk": 252, "fields": {"date_time": "2025-07-15T00:20:29.827Z", "professional": 8, "service": 20, "customer": 10, "status": "1"}}, {"model": "appointment.schedule", "pk": 253, "fields": {"date_time": "2025-02-16T00:57:47.411Z", "professional": 16, "service": 15, "customer": 27, "status": "2"}}, {"model": "appointment.schedule", "pk": 254, "fields": {"date_time": "2025-01-18T19:00:59.511Z", "professional": 7, "service": 18, "customer": 40, "status": "1"}}, {"model": "appointment.schedule", "pk": 255, "fields": {"date_time": "2025-03-22T19:21:39.599Z", "professional": 36, "service": 15, "customer": 37, "status": "2"}}, {"model": "appointment.schedule", "pk": 256, "fields": {"date_time": "2025-05-24T19:12:08.436Z", "professional": 3, "service": 12, "customer": 31, "status": "1"}}, {"model": "appointment.schedule", "pk": 257, "fields": {"date_time": "2025-08-05T11:50:04.131Z", "professional": 36, "service": 16, "customer": 15, "status": "2"}}, {"model": "appointment.schedule", "pk": 258, "fields": {"date_time": "2025-01-08T22:05:38.021Z", "professional": 5, "service": 8, "customer": 34, "status": "3"}}, {"model": "appointment.schedule", "pk": 259, "fields": {"date_time": "2025-06-15T22:57:53.796Z", "professional": 16, "service": 16, "customer": 34, "status": "3"}}, {"model": "appointment.schedule", "pk": 260, "fields": {"date_time": "2025-05-04T14:54:04.316Z", "professional": 21, "service": 19, "customer": 18, "status": "2"}}, {"model": "appointment.schedule", "pk": 261, "fields": {"date_time": "2025-07-09T13:53:48.750Z", "professional": 1, "service": 16, "customer": 4, "status": "1"}}, {"model": "appointment.schedule", "pk": 262, "fields": {"date_time": "2025-07-12T17:48:09.131Z", "professional": 35, "service": 11, "customer": 35, "status": "2"}}, {"model": "appointment.schedule", "pk": 263, "fields": {"date_time": "2025-01-20T21:30:10.602Z", "professional": 17, "service": 4, "customer": 32, "status": "1"}}, {"model": "appointment.schedule", "pk": 264, "fields": {"date_time": "2025-07-29T09:35:03.178Z", "professional": 3, "service": 20, "customer": 39, "status": "3"}}, {"model": "appointment.schedule", "pk": 265, "fields": {"date_time": "2025-04-30T06:34:19.106Z", "professional": 39, "service": 4, "customer": 30, "status": "3"}}, {"model": "appointment.schedule", "pk": 266, "fields": {"date_time": "2025-06-04T09:42:00.782Z", "professional": 37, "service": 19, "customer": 14, "status": "3"}}, {"model": "appointment.schedule", "pk": 267, "fields": {"date_time": "2025-04-30T06:59:31.383Z", "professional": 10, "service": 7, "customer": 5, "status": "1"}}, {"model": "appointment.schedule", "pk": 268, "fields": {"date_time": "2025-08-03T20:52:33.727Z", "professional": 28, "service": 12, "customer": 27, "status": "3"}}, {"model": "appointment.schedule", "pk": 269, "fields": {"date_time": "2025-01-26T22:58:52.166Z", "professional": 27, "service": 11, "customer": 4, "status": "1"}}, {"model": "appointment.schedule", "pk": 270, "fields": {"date_time": "2025-04-22T13:06:12.383Z", "professional": 2, "service": 13, "customer": 33, "status": "1"}}, {"model": "appointment.schedule", "pk": 271, "fields": {"date_time": "2025-03-18T22:05:21.036Z", "professional": 32, "service": 5, "customer": 17, "status": "2"}}, {"model": "appointment.schedule", "pk": 272, "fields": {"date_time": "2025-03-17T07:30:43.152Z", "professional": 38, "service": 6, "customer": 21, "status": "3"}}, {"model": "appointment.schedule", "pk": 273, "fields": {"date_time": "2025-05-22T08:07:30.469Z", "professional": 3, "service": 6, "customer": 39, "status": "2"}}, {"model": "appointment.schedule", "pk": 274, "fields": {"date_time": "2025-07-14T05:30:08.228Z", "professional": 27, "service": 9, "customer": 16, "status": "1"}}, {"model": "appointment.schedule", "pk": 275, "fields": {"date_time": "2025-08-01T01:53:28.939Z", "professional": 38, "service": 12, "customer": 27, "status": "2"}}, {"model": "appointment.schedule", "pk": 276, "fields": {"date_time": "2025-07-08T06:44:17.032Z", "professional": 40, "service": 9, "customer": 27, "status": "3"}}, {"model": "appointment.schedule", "pk": 277, "fields": {"date_time": "2025-04-12T15:48:26.850Z", "professional": 9, "service": 11, "customer": 18, "status": "3"}}, {"model": "appointment.schedule", "pk": 278, "fields": {"date_time": "2025-04-11T00:48:47.935Z", "professional": 38, "service": 20, "customer": 25, "status": "3"}}, {"model": "appointment.schedule", "pk": 279, "fields": {"date_time": "2025-03-22T06:01:42.405Z", "professional": 21, "service": 9, "customer": 9, "status": "1"}}, {"model": "appointment.schedule", "pk": 280, "fields": {"date_time": "2025-01-14T06:17:21.302Z", "professional": 23, "service": 6, "customer": 9, "status": "3"}}, {"model": "appointment.schedule", "pk": 281, "fields": {"date_time": "2025-01-20T21:37:22.935Z", "professional": 27, "service": 18, "customer": 5, "status": "1"}}, {"model": "appointment.schedule", "pk": 282, "fields": {"date_time": "2025-01-13T09:44:31.845Z", "professional": 31, "service": 8, "customer": 29, "status": "1"}}, {"model": "appointment.schedule", "pk": 283, "fields": {"date_time": "2025-01-23T05:31:13.959Z", "professional": 34, "service": 14, "customer": 12, "status": "1"}}, {"model": "appointment.schedule", "pk": 284, "fields": {"date_time": "2025-07-01T07:20:53.178Z", "professional": 4, "service": 16, "customer": 33, "status": "1"}}, {"model": "appointment.schedule", "pk": 285, "fields": {"date_time": "2025-05-21T16:05:05.669Z", "professional": 20, "service": 1, "customer": 12, "status": "3"}}, {"model": "appointment.schedule", "pk": 286, "fields": {"date_time": "2025-07-30T20:36:17.758Z", "professional": 29, "service": 12, "customer": 21, "status": "2"}}, {"model": "appointment.schedule", "pk": 287, "fields": {"date_time": "2025-08-03T04:03:59.048Z", "professional": 39, "service": 14, "customer": 1, "status": "1"}}, {"model": "appointment.schedule", "pk": 288, "fields": {"date_time": "2025-05-26T06:00:45.410Z", "professional": 1, "service": 3, "customer": 22, "status": "3"}}, {"model": "appointment.schedule", "pk": 289, "fields": {"date_time": "2025-05-08T04:45:50.290Z", "professional": 27, "service": 18, "customer": 35, "status": "1"}}, {"model": "appointment.schedule", "pk": 290, "fields": {"date_time": "2025-03-21T04:42:00.421Z", "professional": 2, "service": 17, "customer": 4, "status": "1"}}, {"model": "appointment.schedule", "pk": 291, "fields": {"date_time": "2025-08-06T07:02:24.103Z", "professional": 14, "service": 16, "customer": 26, "status": "1"}}, {"model": "appointment.schedule", "pk": 292, "fields": {"date_time": "2025-07-23T07:12:46.393Z", "professional": 1, "service": 6, "customer": 18, "status": "2"}}, {"model": "appointment.schedule", "pk": 293, "fields": {"date_time": "2025-06-09T12:32:45.713Z", "professional": 11, "service": 8, "customer": 19, "status": "2"}}, {"model": "appointment.schedule", "pk": 294, "fields": {"date_time": "2025-02-06T03:27:28.621Z", "professional": 38, "service": 12, "customer": 24, "status": "3"}}, {"model": "appointment.schedule", "pk": 295, "fields": {"date_time": "2025-04-17T22:47:10.036Z", "professional": 26, "service": 19, "customer": 20, "status": "1"}}, {"model": "appointment.schedule", "pk": 296, "fields": {"date_time": "2025-08-06T12:21:39.942Z", "professional": 4, "service": 20, "customer": 17, "status": "1"}}, {"model": "appointment.schedule", "pk": 297, "fields": {"date_time": "2025-07-30T07:07:31.561Z", "professional": 4, "service": 13, "customer": 38, "status": "3"}}, {"model": "appointment.schedule", "pk": 298, "fields": {"date_time": "2025-03-13T20:57:36.262Z", "professional": 14, "service": 20, "customer": 5, "status": "3"}}, {"model": "appointment.schedule", "pk": 299, "fields": {"date_time": "2025-01-24T04:14:21.237Z", "professional": 6, "service": 14, "customer": 40, "status": "2"}}, {"model": "appointment.schedule", "pk": 300, "fields": {"date_time": "2025-02-27T10:23:50.778Z", "professional": 32, "service": 8, "customer": 23, "status": "3"}}, {"model": "appointment.schedule", "pk": 301, "fields": {"date_time": "2025-05-19T21:52:38.471Z", "professional": 1, "service": 15, "customer": 15, "status": "2"}}, {"model": "appointment.schedule", "pk": 302, "fields": {"date_time": "2025-06-01T18:57:14.439Z", "professional": 28, "service": 6, "customer": 21, "status": "2"}}, {"model": "appointment.schedule", "pk": 303, "fields": {"date_time": "2025-04-30T14:13:56.124Z", "professional": 19, "service": 8, "customer": 24, "status": "1"}}, {"model": "appointment.schedule", "pk": 304, "fields": {"date_time": "2025-05-17T22:23:49.132Z", "professional": 2, "service": 1, "customer": 31, "status": "3"}}, {"model": "appointment.schedule", "pk": 305, "fields": {"date_time": "2025-03-10T12:37:38.431Z", "professional": 32, "service": 6, "customer": 37, "status": "3"}}, {"model": "appointment.schedule", "pk": 306, "fields": {"date_time": "2025-07-03T03:54:54.815Z", "professional": 31, "service": 14, "customer": 32, "status": "2"}}, {"model": "appointment.schedule", "pk": 307, "fields": {"date_time": "2025-01-02T09:15:02.132Z", "professional": 24, "service": 4, "customer": 5, "status": "2"}}, {"model": "appointment.schedule", "pk": 308, "fields": {"date_time": "2025-05-14T07:08:19.150Z", "professional": 14, "service": 6, "customer": 1, "status": "1"}}, {"model": "appointment.schedule", "pk": 309, "fields": {"date_time": "2025-01-14T17:07:29.780Z", "professional": 9, "service": 10, "customer": 11, "status": "2"}}, {"model": "appointment.schedule", "pk": 310, "fields": {"date_time": "2025-04-25T10:59:23.732Z", "professional": 30, "service": 10, "customer": 26, "status": "2"}}, {"model": "appointment.schedule", "pk": 311, "fields": {"date_time": "2025-07-18T08:00:58.458Z", "professional": 36, "service": 13, "customer": 26, "status": "2"}}, {"model": "appointment.schedule", "pk": 312, "fields": {"date_time": "2025-07-15T03:58:02.515Z", "professional": 25, "service": 15, "customer": 40, "status": "3"}}, {"model": "appointment.schedule", "pk": 313, "fields": {"date_time": "2025-03-23T03:25:12.741Z", "professional": 15, "service": 1, "customer": 16, "status": "1"}}, {"model": "appointment.schedule", "pk": 314, "fields": {"date_time": "2025-06-02T06:30:24.518Z", "professional": 28, "service": 1, "customer": 27, "status": "1"}}, {"model": "appointment.schedule", "pk": 315, "fields": {"date_time": "2025-05-13T05:42:04.333Z", "professional": 13, "service": 11, "customer": 18, "status": "3"}}, {"model": "appointment.schedule", "pk": 316, "fields": {"date_time": "2025-05-11T19:21:55.862Z", "professional": 5, "service": 20, "customer": 10, "status": "2"}}, {"model": "appointment.schedule", "pk": 317, "fields": {"date_time": "2025-06-01T11:16:59.401Z", "professional": 14, "service": 19, "customer": 13, "status": "1"}}, {"model": "appointment.schedule", "pk": 318, "fields": {"date_time": "2025-01-28T16:07:32.186Z", "professional": 13, "service": 3, "customer": 40, "status": "1"}}, {"model": "appointment.schedule", "pk": 319, "fields": {"date_time": "2025-04-13T16:52:16.792Z", "professional": 20, "service": 12, "customer": 39, "status": "3"}}, {"model": "appointment.schedule", "pk": 320, "fields": {"date_time": "2025-05-18T04:21:49.630Z", "professional": 7, "service": 16, "customer": 28, "status": "3"}}, {"model": "appointment.schedule", "pk": 321, "fields": {"date_time": "2025-01-11T16:17:19.017Z", "professional": 16, "service": 10, "customer": 36, "status": "3"}}, {"model": "appointment.schedule", "pk": 322, "fields": {"date_time": "2025-01-01T22:28:54.768Z", "professional": 10, "service": 14, "customer": 19, "status": "3"}}, {"model": "appointment.schedule", "pk": 323, "fields": {"date_time": "2025-07-18T11:00:39.720Z", "professional": 14, "service": 6, "customer": 40, "status": "3"}}, {"model": "appointment.schedule", "pk": 324, "fields": {"date_time": "2025-03-22T18:39:55.328Z", "professional": 10, "service": 2, "customer": 12, "status": "2"}}, {"model": "appointment.schedule", "pk": 325, "fields": {"date_time": "2025-03-30T15:24:00.258Z", "professional": 8, "service": 18, "customer": 3, "status": "3"}}, {"model": "appointment.schedule", "pk": 326, "fields": {"date_time": "2025-07-22T01:18:50.938Z", "professional": 40, "service": 2, "customer": 23, "status": "1"}}, {"model": "appointment.schedule", "pk": 327, "fields": {"date_time": "2025-08-08T02:49:46.546Z", "professional": 38, "service": 6, "customer": 4, "status": "1"}}, {"model": "appointment.schedule", "pk": 328, "fields": {"date_time": "2025-08-06T17:03:21.116Z", "professional": 33, "service": 17, "customer": 13, "status": "3"}}, {"model": "appointment.schedule", "pk": 329, "fields": {"date_time": "2025-02-07T12:33:01.224Z", "professional": 25, "service": 16, "customer": 10, "status": "2"}}, {"model": "appointment.schedule", "pk": 330, "fields": {"date_time": "2025-06-19T12:31:05.185Z", "professional": 32, "service": 10, "customer": 22, "status": "2"}}, {"model": "appointment.schedule", "pk": 331, "fields": {"date_time": "2025-06-13T11:58:40.060Z", "professional": 9, "service": 4, "customer": 39, "status": "2"}}, {"model": "appointment.schedule", "pk": 332, "fields": {"date_time": "2025-03-15T14:49:42.343Z", "professional": 33, "service": 10, "customer": 37, "status": "2"}}, {"model": "appointment.schedule", "pk": 333, "fields": {"date_time": "2025-02-06T01:04:17.683Z", "professional": 37, "service": 13, "customer": 11, "status": "3"}}, {"model": "appointment.schedule", "pk": 334, "fields": {"date_time": "2025-05-14T04:14:51.636Z", "professional": 17, "service": 20, "customer": 5, "status": "1"}}, {"model": "appointment.schedule", "pk": 335, "fields": {"date_time": "2025-07-11T17:21:44.668Z", "professional": 11, "service": 17, "customer": 11, "status": "1"}}, {"model": "appointment.schedule", "pk": 336, "fields": {"date_time": "2025-04-19T20:59:11.500Z", "professional": 34, "service": 17, "customer": 23, "status": "3"}}, {"model": "appointment.schedule", "pk": 337, "fields": {"date_time": "2025-03-22T22:22:01.050Z", "professional": 2, "service": 17, "customer": 28, "status": "3"}}, {"model": "appointment.schedule", "pk": 338, "fields": {"date_time": "2025-03-04T23:04:16.249Z", "professional": 19, "service": 4, "customer": 38, "status": "1"}}, {"model": "appointment.schedule", "pk": 339, "fields": {"date_time": "2025-05-28T02:22:36.953Z", "professional": 16, "service": 17, "customer": 13, "status": "3"}}, {"model": "appointment.schedule", "pk": 340, "fields": {"date_time": "2025-02-07T22:50:00.681Z", "professional": 37, "service": 8, "customer": 33, "status": "1"}}, {"model": "appointment.schedule", "pk": 341, "fields": {"date_time": "2025-04-08T19:28:57.788Z", "professional": 30, "service": 4, "customer": 27, "status": "2"}}, {"model": "appointment.schedule", "pk": 342, "fields": {"date_time": "2025-04-12T05:13:26.657Z", "professional": 3, "service": 11, "customer": 6, "status": "1"}}, {"model": "appointment.schedule", "pk": 343, "fields": {"date_time": "2025-06-07T11:08:28.588Z", "professional": 7, "service": 4, "customer": 17, "status": "1"}}, {"model": "appointment.schedule", "pk": 344, "fields": {"date_time": "2025-02-23T09:21:14.588Z", "professional": 32, "service": 10, "customer": 30, "status": "3"}}, {"model": "appointment.schedule", "pk": 345, "fields": {"date_time": "2025-07-07T07:13:06.125Z", "professional": 25, "service": 16, "customer": 24, "status": "2"}}, {"model": "appointment.schedule", "pk": 346, "fields": {"date_time": "2025-02-14T15:37:08.111Z", "professional": 11, "service": 13, "customer": 36, "status": "2"}}, {"model": "appointment.schedule", "pk": 347, "fields": {"date_time": "2025-07-13T00:54:51.534Z", "professional": 13, "service": 1, "customer": 38, "status": "3"}}, {"model": "appointment.schedule", "pk": 348, "fields": {"date_time": "2025-06-15T20:19:28.400Z", "professional": 34, "service": 17, "customer": 22, "status": "1"}}, {"model": "appointment.schedule", "pk": 349, "fields": {"date_time": "2025-04-13T00:01:15.438Z", "professional": 38, "service": 15, "customer": 9, "status": "2"}}, {"model": "appointment.schedule", "pk": 350, "fields": {"date_time": "2025-02-27T08:39:38.542Z", "professional": 13, "service": 4, "customer": 3, "status": "3"}}, {"model": "appointment.schedule", "pk": 351, "fields": {"date_time": "2025-07-21T09:54:19.319Z", "professional": 11, "service": 8, "customer": 34, "status": "1"}}, {"model": "appointment.schedule", "pk": 352, "fields": {"date_time": "2025-04-17T22:27:49.499Z", "professional": 38, "service": 5, "customer": 29, "status": "1"}}, {"model": "appointment.schedule", "pk": 353, "fields": {"date_time": "2025-03-07T08:57:59.911Z", "professional": 20, "service": 8, "customer": 8, "status": "3"}}, {"model": "appointment.schedule", "pk": 354, "fields": {"date_time": "2025-04-11T14:08:46.941Z", "professional": 26, "service": 19, "customer": 33, "status": "3"}}, {"model": "appointment.schedule", "pk": 355, "fields": {"date_time": "2025-03-11T02:51:07.422Z", "professional": 35, "service": 12, "customer": 29, "status": "3"}}, {"model": "appointment.schedule", "pk": 356, "fields": {"date_time": "2025-01-18T12:25:45.135Z", "professional": 27, "service": 8, "customer": 20, "status": "1"}}, {"model": "appointment.schedule", "pk": 357, "fields": {"date_time": "2025-04-23T03:39:42.894Z", "professional": 37, "service": 17, "customer": 39, "status": "1"}}, {"model": "appointment.schedule", "pk": 358, "fields": {"date_time": "2025-01-16T11:31:17.678Z", "professional": 22, "service": 18, "customer": 18, "status": "3"}}, {"model": "appointment.schedule", "pk": 359, "fields": {"date_time": "2025-03-07T12:51:51.817Z", "professional": 19, "service": 8, "customer": 29, "status": "2"}}, {"model": "appointment.schedule", "pk": 360, "fields": {"date_time": "2025-06-03T07:28:40.524Z", "professional": 24, "service": 13, "customer": 39, "status": "3"}}, {"model": "appointment.schedule", "pk": 361, "fields": {"date_time": "2025-07-02T06:26:27.363Z", "professional": 27, "service": 2, "customer": 5, "status": "2"}}, {"model": "appointment.schedule", "pk": 362, "fields": {"date_time": "2025-05-30T23:58:23.593Z", "professional": 12, "service": 17, "customer": 31, "status": "2"}}, {"model": "appointment.schedule", "pk": 363, "fields": {"date_time": "2025-03-04T16:54:22.130Z", "professional": 35, "service": 4, "customer": 34, "status": "1"}}, {"model": "appointment.schedule", "pk": 364, "fields": {"date_time": "2025-08-06T06:33:56.880Z", "professional": 26, "service": 17, "customer": 40, "status": "1"}}, {"model": "appointment.schedule", "pk": 365, "fields": {"date_time": "2025-04-09T23:34:03.686Z", "professional": 33, "service": 8, "customer": 35, "status": "2"}}, {"model": "appointment.schedule", "pk": 366, "fields": {"date_time": "2025-04-23T06:25:09.378Z", "professional": 30, "service": 14, "customer": 36, "status": "2"}}, {"model": "appointment.schedule", "pk": 367, "fields": {"date_time": "2025-04-23T21:48:05.966Z", "professional": 5, "service": 17, "customer": 15, "status": "3"}}, {"model": "appointment.schedule", "pk": 368, "fields": {"date_time": "2025-04-10T23:13:12.032Z", "professional": 26, "service": 3, "customer": 5, "status": "3"}}, {"model": "appointment.schedule", "pk": 369, "fields": {"date_time": "2025-05-04T21:10:20.786Z", "professional": 1, "service": 16, "customer": 30, "status": "1"}}, {"model": "appointment.schedule", "pk": 370, "fields": {"date_time": "2025-06-28T06:57:57.844Z", "professional": 28, "service": 6, "customer": 8, "status": "3"}}, {"model": "appointment.schedule", "pk": 371, "fields": {"date_time": "2025-03-06T05:57:27.255Z", "professional": 1, "service": 1, "customer": 23, "status": "2"}}, {"model": "appointment.schedule", "pk": 372, "fields": {"date_time": "2025-05-10T00:34:24.648Z", "professional": 6, "service": 1, "customer": 14, "status": "2"}}, {"model": "appointment.schedule", "pk": 373, "fields": {"date_time": "2025-04-01T19:59:49.350Z", "professional": 19, "service": 3, "customer": 34, "status": "3"}}, {"model": "appointment.schedule", "pk": 374, "fields": {"date_time": "2025-02-01T07:25:13.049Z", "professional": 33, "service": 12, "customer": 34, "status": "2"}}, {"model": "appointment.schedule", "pk": 375, "fields": {"date_time": "2025-07-09T15:47:35.094Z", "professional": 8, "service": 14, "customer": 27, "status": "2"}}, {"model": "appointment.schedule", "pk": 376, "fields": {"date_time": "2025-04-06T04:30:49.704Z", "professional": 32, "service": 5, "customer": 31, "status": "1"}}, {"model": "appointment.schedule", "pk": 377, "fields": {"date_time": "2025-06-10T13:58:31.663Z", "professional": 4, "service": 7, "customer": 32, "status": "3"}}, {"model": "appointment.schedule", "pk": 378, "fields": {"date_time": "2025-06-24T02:20:45.780Z", "professional": 14, "service": 15, "customer": 15, "status": "1"}}, {"model": "appointment.schedule", "pk": 379, "fields": {"date_time": "2025-05-08T16:10:20.149Z", "professional": 3, "service": 2, "customer": 9, "status": "3"}}, {"model": "appointment.schedule", "pk": 380, "fields": {"date_time": "2025-01-17T18:46:40.874Z", "professional": 31, "service": 9, "customer": 18, "status": "1"}}, {"model": "appointment.schedule", "pk": 381, "fields": {"date_time": "2025-06-18T04:11:23.396Z", "professional": 17, "service": 17, "customer": 3, "status": "3"}}, {"model": "appointment.schedule", "pk": 382, "fields": {"date_time": "2025-07-19T18:09:27.702Z", "professional": 31, "service": 16, "customer": 31, "status": "2"}}, {"model": "appointment.schedule", "pk": 383, "fields": {"date_time": "2025-04-15T10:46:38.181Z", "professional": 24, "service": 13, "customer": 40, "status": "1"}}, {"model": "appointment.schedule", "pk": 384, "fields": {"date_time": "2025-05-08T22:43:28.743Z", "professional": 18, "service": 4, "customer": 5, "status": "3"}}, {"model": "appointment.schedule", "pk": 385, "fields": {"date_time": "2025-04-25T00:29:45.371Z", "professional": 22, "service": 6, "customer": 12, "status": "2"}}, {"model": "appointment.schedule", "pk": 386, "fields": {"date_time": "2025-05-28T03:39:57.395Z", "professional": 18, "service": 13, "customer": 16, "status": "3"}}, {"model": "appointment.schedule", "pk": 387, "fields": {"date_time": "2025-02-04T16:25:21.059Z", "professional": 32, "service": 14, "customer": 36, "status": "2"}}, {"model": "appointment.schedule", "pk": 388, "fields": {"date_time": "2025-07-01T21:20:02.464Z", "professional": 2, "service": 17, "customer": 28, "status": "3"}}, {"model": "appointment.schedule", "pk": 389, "fields": {"date_time": "2025-05-25T21:42:43.477Z", "professional": 31, "service": 8, "customer": 12, "status": "1"}}, {"model": "appointment.schedule", "pk": 390, "fields": {"date_time": "2025-03-17T00:49:53.230Z", "professional": 5, "service": 7, "customer": 11, "status": "3"}}, {"model": "appointment.schedule", "pk": 391, "fields": {"date_time": "2025-01-13T00:29:27.540Z", "professional": 29, "service": 19, "customer": 34, "status": "2"}}, {"model": "appointment.schedule", "pk": 392, "fields": {"date_time": "2025-02-03T20:32:20.493Z", "professional": 11, "service": 7, "customer": 2, "status": "1"}}, {"model": "appointment.schedule", "pk": 393, "fields": {"date_time": "2025-04-18T03:43:35.419Z", "professional": 7, "service": 11, "customer": 5, "status": "1"}}, {"model": "appointment.schedule", "pk": 394, "fields": {"date_time": "2025-02-01T21:38:46.054Z", "professional": 19, "service": 13, "customer": 9, "status": "1"}}, {"model": "appointment.schedule", "pk": 395, "fields": {"date_time": "2025-05-21T00:15:15.808Z", "professional": 39, "service": 8, "customer": 26, "status": "2"}}, {"model": "appointment.schedule", "pk": 396, "fields": {"date_time": "2025-06-18T08:27:15.355Z", "professional": 23, "service": 20, "customer": 8, "status": "2"}}, {"model": "appointment.schedule", "pk": 397, "fields": {"date_time": "2025-01-23T10:06:17.248Z", "professional": 23, "service": 3, "customer": 34, "status": "3"}}, {"model": "appointment.schedule", "pk": 398, "fields": {"date_time": "2025-06-23T22:07:44.626Z", "professional": 25, "service": 14, "customer": 6, "status": "3"}}, {"model": "appointment.schedule", "pk": 399, "fields": {"date_time": "2025-03-07T07:28:48.978Z", "professional": 13, "service": 8, "customer": 21, "status": "2"}}, {"model": "appointment.schedule", "pk": 400, "fields": {"date_time": "2025-02-04T02:30:24.299Z", "professional": 10, "service": 14, "customer": 27, "status": "1"}}, {"model": "appointment.schedule", "pk": 401, "fields": {"date_time": "2025-02-11T08:41:52.528Z", "professional": 1, "service": 2, "customer": 22, "status": "2"}}, {"model": "appointment.schedule", "pk": 402, "fields": {"date_time": "2025-03-15T19:45:04.809Z", "professional": 40, "service": 11, "customer": 39, "status": "1"}}, {"model": "appointment.schedule", "pk": 403, "fields": {"date_time": "2025-04-12T14:41:07.789Z", "professional": 14, "service": 18, "customer": 14, "status": "2"}}, {"model": "appointment.schedule", "pk": 404, "fields": {"date_time": "2025-07-21T16:06:00.899Z", "professional": 25, "service": 10, "customer": 5, "status": "1"}}, {"model": "appointment.schedule", "pk": 405, "fields": {"date_time": "2025-01-08T15:07:02.164Z", "professional": 22, "service": 6, "customer": 29, "status": "1"}}, {"model": "appointment.schedule", "pk": 406, "fields": {"date_time": "2025-06-23T05:30:29.053Z", "professional": 10, "service": 9, "customer": 9, "status": "2"}}, {"model": "appointment.schedule", "pk": 407, "fields": {"date_time": "2025-03-22T20:14:00.692Z", "professional": 23, "service": 11, "customer": 36, "status": "2"}}, {"model": "appointment.schedule", "pk": 408, "fields": {"date_time": "2025-08-02T12:23:40.919Z", "professional": 30, "service": 8, "customer": 34, "status": "3"}}, {"model": "appointment.schedule", "pk": 409, "fields": {"date_time": "2025-04-22T12:42:52.426Z", "professional": 37, "service": 8, "customer": 40, "status": "3"}}, {"model": "appointment.schedule", "pk": 410, "fields": {"date_time": "2025-01-19T16:12:20.715Z", "professional": 17, "service": 9, "customer": 5, "status": "1"}}, {"model": "appointment.schedule", "pk": 411, "fields": {"date_time": "2025-06-22T01:02:27.358Z", "professional": 3, "service": 12, "customer": 21, "status": "2"}}, {"model": "appointment.schedule", "pk": 412, "fields": {"date_time": "2025-06-28T13:37:38.310Z", "professional": 10, "service": 3, "customer": 28, "status": "1"}}, {"model": "appointment.schedule", "pk": 413, "fields": {"date_time": "2025-07-02T04:43:39.903Z", "professional": 31, "service": 9, "customer": 31, "status": "2"}}, {"model": "appointment.schedule", "pk": 414, "fields": {"date_time": "2025-08-05T04:06:53.764Z", "professional": 19, "service": 19, "customer": 24, "status": "3"}}, {"model": "appointment.schedule", "pk": 415, "fields": {"date_time": "2025-02-06T10:48:57.838Z", "professional": 30, "service": 12, "customer": 2, "status": "2"}}, {"model": "appointment.schedule", "pk": 416, "fields": {"date_time": "2025-04-23T02:07:07.420Z", "professional": 18, "service": 20, "customer": 29, "status": "2"}}, {"model": "appointment.schedule", "pk": 417, "fields": {"date_time": "2025-01-06T11:32:58.622Z", "professional": 15, "service": 6, "customer": 12, "status": "2"}}, {"model": "appointment.schedule", "pk": 418, "fields": {"date_time": "2025-03-13T09:24:55.813Z", "professional": 20, "service": 7, "customer": 21, "status": "3"}}, {"model": "appointment.schedule", "pk": 419, "fields": {"date_time": "2025-04-25T14:15:03.716Z", "professional": 13, "service": 15, "customer": 28, "status": "3"}}, {"model": "appointment.schedule", "pk": 420, "fields": {"date_time": "2025-05-04T06:01:25.095Z", "professional": 32, "service": 12, "customer": 16, "status": "1"}}, {"model": "appointment.schedule", "pk": 421, "fields": {"date_time": "2025-01-08T20:08:30.746Z", "professional": 30, "service": 7, "customer": 18, "status": "3"}}, {"model": "appointment.schedule", "pk": 422, "fields": {"date_time": "2025-01-04T18:24:14.626Z", "professional": 29, "service": 19, "customer": 37, "status": "1"}}, {"model": "appointment.schedule", "pk": 423, "fields": {"date_time": "2025-01-12T11:44:05.693Z", "professional": 32, "service": 19, "customer": 11, "status": "2"}}, {"model": "appointment.schedule", "pk": 424, "fields": {"date_time": "2025-01-04T07:35:27.201Z", "professional": 38, "service": 17, "customer": 8, "status": "1"}}, {"model": "appointment.schedule", "pk": 425, "fields": {"date_time": "2025-06-25T12:40:59.582Z", "professional": 25, "service": 20, "customer": 7, "status": "1"}}, {"model": "appointment.schedule", "pk": 426, "fields": {"date_time": "2025-08-08T11:42:04.336Z", "professional": 6, "service": 13, "customer": 2, "status": "1"}}, {"model": "appointment.schedule", "pk": 427, "fields": {"date_time": "2025-01-07T10:50:27.140Z", "professional": 3, "service": 16, "customer": 3, "status": "3"}}, {"model": "appointment.schedule", "pk": 428, "fields": {"date_time": "2025-02-04T03:03:47.133Z", "professional": 17, "service": 15, "customer": 17, "status": "2"}}, {"model": "appointment.schedule", "pk": 429, "fields": {"date_time": "2025-01-26T05:31:40.869Z", "professional": 11, "service": 8, "customer": 12, "status": "2"}}, {"model": "appointment.schedule", "pk": 430, "fields": {"date_time": "2025-01-26T09:53:37.418Z", "professional": 4, "service": 16, "customer": 24, "status": "3"}}, {"model": "appointment.schedule", "pk": 431, "fields": {"date_time": "2025-05-28T12:04:43.665Z", "professional": 23, "service": 2, "customer": 18, "status": "2"}}, {"model": "appointment.schedule", "pk": 432, "fields": {"date_time": "2025-06-08T15:39:12.493Z", "professional": 14, "service": 19, "customer": 27, "status": "3"}}, {"model": "appointment.schedule", "pk": 433, "fields": {"date_time": "2025-06-13T01:18:18.536Z", "professional": 13, "service": 14, "customer": 13, "status": "1"}}, {"model": "appointment.schedule", "pk": 434, "fields": {"date_time": "2025-03-26T06:27:01.623Z", "professional": 32, "service": 10, "customer": 33, "status": "3"}}, {"model": "appointment.schedule", "pk": 435, "fields": {"date_time": "2025-07-22T08:07:43.052Z", "professional": 9, "service": 8, "customer": 8, "status": "2"}}, {"model": "appointment.schedule", "pk": 436, "fields": {"date_time": "2025-05-25T04:20:46.412Z", "professional": 4, "service": 20, "customer": 26, "status": "3"}}, {"model": "appointment.schedule", "pk": 437, "fields": {"date_time": "2025-03-26T02:00:32.323Z", "professional": 32, "service": 6, "customer": 12, "status": "1"}}, {"model": "appointment.schedule", "pk": 438, "fields": {"date_time": "2025-06-07T21:16:23.590Z", "professional": 37, "service": 8, "customer": 5, "status": "3"}}, {"model": "appointment.schedule", "pk": 439, "fields": {"date_time": "2025-01-05T04:49:58.942Z", "professional": 8, "service": 7, "customer": 6, "status": "1"}}, {"model": "appointment.schedule", "pk": 440, "fields": {"date_time": "2025-01-03T23:57:51.560Z", "professional": 4, "service": 7, "customer": 16, "status": "3"}}, {"model": "appointment.schedule", "pk": 441, "fields": {"date_time": "2025-04-10T05:26:16.521Z", "professional": 19, "service": 18, "customer": 33, "status": "2"}}, {"model": "appointment.schedule", "pk": 442, "fields": {"date_time": "2025-08-02T23:13:48.211Z", "professional": 36, "service": 14, "customer": 14, "status": "1"}}, {"model": "appointment.schedule", "pk": 443, "fields": {"date_time": "2025-05-20T06:03:00.208Z", "professional": 7, "service": 14, "customer": 34, "status": "1"}}, {"model": "appointment.schedule", "pk": 444, "fields": {"date_time": "2025-05-08T09:44:25.026Z", "professional": 27, "service": 12, "customer": 9, "status": "3"}}, {"model": "appointment.schedule", "pk": 445, "fields": {"date_time": "2025-06-13T06:36:25.801Z", "professional": 4, "service": 19, "customer": 21, "status": "2"}}, {"model": "appointment.schedule", "pk": 446, "fields": {"date_time": "2025-05-22T05:51:53.500Z", "professional": 37, "service": 3, "customer": 8, "status": "3"}}, {"model": "appointment.schedule", "pk": 447, "fields": {"date_time": "2025-01-28T12:50:09.340Z", "professional": 23, "service": 3, "customer": 18, "status": "1"}}, {"model": "appointment.schedule", "pk": 448, "fields": {"date_time": "2025-03-15T02:25:14.560Z", "professional": 32, "service": 4, "customer": 3, "status": "3"}}, {"model": "appointment.schedule", "pk": 449, "fields": {"date_time": "2025-04-30T13:35:02.320Z", "professional": 4, "service": 3, "customer": 35, "status": "1"}}, {"model": "appointment.schedule", "pk": 450, "fields": {"date_time": "2025-02-16T16:56:51.768Z", "professional": 27, "service": 10, "customer": 2, "status": "1"}}, {"model": "appointment.schedule", "pk": 451, "fields": {"date_time": "2025-02-09T20:49:20.890Z", "professional": 11, "service": 12, "customer": 35, "status": "2"}}, {"model": "appointment.schedule", "pk": 452, "fields": {"date_time": "2025-06-28T17:56:58.049Z", "professional": 32, "service": 7, "customer": 27, "status": "3"}}, {"model": "appointment.schedule", "pk": 453, "fields": {"date_time": "2025-06-02T22:12:42.277Z", "professional": 25, "service": 6, "customer": 37, "status": "1"}}, {"model": "appointment.schedule", "pk": 454, "fields": {"date_time": "2025-04-16T06:06:04.906Z", "professional": 30, "service": 17, "customer": 8, "status": "3"}}, {"model": "appointment.schedule", "pk": 455, "fields": {"date_time": "2025-01-28T00:16:13.352Z", "professional": 38, "service": 18, "customer": 7, "status": "1"}}, {"model": "appointment.schedule", "pk": 456, "fields": {"date_time": "2025-07-26T17:19:04.836Z", "professional": 6, "service": 9, "customer": 3, "status": "1"}}, {"model": "appointment.schedule", "pk": 457, "fields": {"date_time": "2025-07-22T05:30:39.294Z", "professional": 37, "service": 8, "customer": 12, "status": "3"}}, {"model": "appointment.schedule", "pk": 458, "fields": {"date_time": "2025-03-24T12:37:14.414Z", "professional": 6, "service": 11, "customer": 17, "status": "2"}}, {"model": "appointment.schedule", "pk": 459, "fields": {"date_time": "2025-03-24T12:55:58.373Z", "professional": 28, "service": 14, "customer": 23, "status": "3"}}, {"model": "appointment.schedule", "pk": 460, "fields": {"date_time": "2025-06-11T02:55:15.519Z", "professional": 2, "service": 3, "customer": 37, "status": "3"}}, {"model": "appointment.schedule", "pk": 461, "fields": {"date_time": "2025-05-19T17:30:37.014Z", "professional": 34, "service": 7, "customer": 9, "status": "2"}}, {"model": "appointment.schedule", "pk": 462, "fields": {"date_time": "2025-03-04T04:42:27.180Z", "professional": 37, "service": 19, "customer": 19, "status": "2"}}, {"model": "appointment.schedule", "pk": 463, "fields": {"date_time": "2025-06-17T16:24:04.922Z", "professional": 39, "service": 11, "customer": 16, "status": "2"}}, {"model": "appointment.schedule", "pk": 464, "fields": {"date_time": "2025-04-19T14:53:45.036Z", "professional": 5, "service": 14, "customer": 11, "status": "3"}}, {"model": "appointment.schedule", "pk": 465, "fields": {"date_time": "2025-06-08T04:09:01.764Z", "professional": 15, "service": 5, "customer": 8, "status": "1"}}, {"model": "appointment.schedule", "pk": 466, "fields": {"date_time": "2025-03-07T04:33:29.149Z", "professional": 24, "service": 6, "customer": 26, "status": "3"}}, {"model": "appointment.schedule", "pk": 467, "fields": {"date_time": "2025-05-19T06:15:32.084Z", "professional": 35, "service": 6, "customer": 11, "status": "1"}}, {"model": "appointment.schedule", "pk": 468, "fields": {"date_time": "2025-02-10T00:49:18.079Z", "professional": 33, "service": 15, "customer": 4, "status": "1"}}, {"model": "appointment.schedule", "pk": 469, "fields": {"date_time": "2025-02-01T07:40:42.712Z", "professional": 38, "service": 20, "customer": 30, "status": "1"}}, {"model": "appointment.schedule", "pk": 470, "fields": {"date_time": "2025-01-19T20:12:13.625Z", "professional": 9, "service": 6, "customer": 24, "status": "2"}}, {"model": "appointment.schedule", "pk": 471, "fields": {"date_time": "2025-01-31T07:24:04.982Z", "professional": 7, "service": 20, "customer": 17, "status": "3"}}, {"model": "appointment.schedule", "pk": 472, "fields": {"date_time": "2025-04-28T17:09:16.067Z", "professional": 14, "service": 11, "customer": 33, "status": "1"}}, {"model": "appointment.schedule", "pk": 473, "fields": {"date_time": "2025-03-12T18:22:01.025Z", "professional": 3, "service": 7, "customer": 29, "status": "3"}}, {"model": "appointment.schedule", "pk": 474, "fields": {"date_time": "2025-06-17T01:43:41.952Z", "professional": 28, "service": 19, "customer": 8, "status": "1"}}, {"model": "appointment.schedule", "pk": 475, "fields": {"date_time": "2025-04-12T08:37:46.661Z", "professional": 19, "service": 17, "customer": 39, "status": "1"}}, {"model": "appointment.schedule", "pk": 476, "fields": {"date_time": "2025-01-09T23:01:55.006Z", "professional": 16, "service": 18, "customer": 39, "status": "2"}}, {"model": "appointment.schedule", "pk": 477, "fields": {"date_time": "2025-04-05T14:50:07.908Z", "professional": 16, "service": 3, "customer": 18, "status": "2"}}, {"model": "appointment.schedule", "pk": 478, "fields": {"date_time": "2025-06-06T01:56:04.114Z", "professional": 12, "service": 9, "customer": 16, "status": "3"}}, {"model": "appointment.schedule", "pk": 479, "fields": {"date_time": "2025-07-03T08:45:48.360Z", "professional": 33, "service": 17, "customer": 13, "status": "2"}}, {"model": "appointment.schedule", "pk": 480, "fields": {"date_time": "2025-06-23T20:17:16.476Z", "professional": 25, "service": 12, "customer": 39, "status": "1"}}, {"model": "appointment.schedule", "pk": 481, "fields": {"date_time": "2025-03-10T06:00:33.077Z", "professional": 22, "service": 11, "customer": 40, "status": "3"}}, {"model": "appointment.schedule", "pk": 482, "fields": {"date_time": "2025-04-29T03:30:38.719Z", "professional": 31, "service": 1, "customer": 6, "status": "3"}}, {"model": "appointment.schedule", "pk": 483, "fields": {"date_time": "2025-07-05T12:43:17.210Z", "professional": 10, "service": 14, "customer": 7, "status": "3"}}, {"model": "appointment.schedule", "pk": 484, "fields": {"date_time": "2025-07-18T06:36:04.342Z", "professional": 24, "service": 20, "customer": 5, "status": "3"}}, {"model": "appointment.schedule", "pk": 485, "fields": {"date_time": "2025-01-10T07:49:40.798Z", "professional": 3, "service": 18, "customer": 25, "status": "1"}}, {"model": "appointment.schedule", "pk": 486, "fields": {"date_time": "2025-05-30T00:54:19.955Z", "professional": 3, "service": 15, "customer": 20, "status": "3"}}, {"model": "appointment.schedule", "pk": 487, "fields": {"date_time": "2025-05-11T18:56:26.913Z", "professional": 38, "service": 3, "customer": 8, "status": "1"}}, {"model": "appointment.schedule", "pk": 488, "fields": {"date_time": "2025-04-14T12:23:31.589Z", "professional": 5, "service": 18, "customer": 6, "status": "1"}}, {"model": "appointment.schedule", "pk": 489, "fields": {"date_time": "2025-04-20T01:26:35.513Z", "professional": 18, "service": 20, "customer": 5, "status": "1"}}, {"model": "appointment.schedule", "pk": 490, "fields": {"date_time": "2025-06-07T08:58:19.795Z", "professional": 33, "service": 5, "customer": 29, "status": "3"}}, {"model": "appointment.schedule", "pk": 491, "fields": {"date_time": "2025-02-28T11:09:46.760Z", "professional": 40, "service": 2, "customer": 8, "status": "2"}}, {"model": "appointment.schedule", "pk": 492, "fields": {"date_time": "2025-05-06T08:36:09.897Z", "professional": 21, "service": 20, "customer": 15, "status": "3"}}, {"model": "appointment.schedule", "pk": 493, "fields": {"date_time": "2025-01-20T04:03:21.913Z", "professional": 4, "service": 12, "customer": 5, "status": "2"}}, {"model": "appointment.schedule", "pk": 494, "fields": {"date_time": "2025-03-11T21:03:26.426Z", "professional": 28, "service": 10, "customer": 24, "status": "2"}}, {"model": "appointment.schedule", "pk": 495, "fields": {"date_time": "2025-05-31T10:19:05.743Z", "professional": 32, "service": 16, "customer": 2, "status": "2"}}, {"model": "appointment.schedule", "pk": 496, "fields": {"date_time": "2025-07-19T08:19:29.205Z", "professional": 19, "service": 12, "customer": 36, "status": "3"}}, {"model": "appointment.schedule", "pk": 497, "fields": {"date_time": "2025-03-26T00:40:25.854Z", "professional": 22, "service": 9, "customer": 15, "status": "2"}}, {"model": "appointment.schedule", "pk": 498, "fields": {"date_time": "2025-05-19T23:49:34.817Z", "professional": 39, "service": 9, "customer": 24, "status": "2"}}, {"model": "appointment.schedule", "pk": 499, "fields": {"date_time": "2025-07-31T02:57:43.193Z", "professional": 11, "service": 2, "customer": 31, "status": "2"}}, {"model": "appointment.schedule", "pk": 500, "fields": {"date_time": "2025-06-09T16:50:24.529Z", "professional": 16, "service": 6, "customer": 39, "status": "2"}}]