[{"model": "auth.user", "pk": 1, "fields": {"password": "pbkdf2_sha256$1000000$gfF6LIazQOLlmeDn4YAvMc$bcXFWWpYH299RyMIMzmgiLZyZVrU9XS6S9gQxuGohdo=", "last_login": null, "is_superuser": true, "username": "admin", "first_name": "", "last_name": "", "email": "admin@mail.com", "is_staff": true, "is_active": true, "date_joined": "2025-08-11T04:00:02.101", "groups": [], "user_permissions": []}}, {"model": "auth.user", "pk": 2, "fields": {"password": "pbkdf2_sha256$1000000$6DSHJZCqRF8RQUX7rVeQKM$ko53ZqgVBuY24ee9sUtUK2+WtoiSphfiQiHy0y0fpK4=", "last_login": null, "is_superuser": false, "username": "jane", "first_name": "", "last_name": "", "email": "jane@mail.com", "is_staff": false, "is_active": true, "date_joined": "2025-08-11T04:00:02.759", "groups": [], "user_permissions": []}}, {"model": "auth.user", "pk": 3, "fields": {"password": "pbkdf2_sha256$1000000$wCe1iMDosMOVvS8UsxU8KK$xmMbBr8sdLN8vulwOdYKqYduE6cuqkeJYe4pfe+KRSw=", "last_login": null, "is_superuser": false, "username": "john", "first_name": "", "last_name": "", "email": "john@mail.com", "is_staff": true, "is_active": true, "date_joined": "2025-08-11T04:00:03.410", "groups": [], "user_permissions": []}}, {"model": "record.customer", "pk": 1, "fields": {"name": "Dott. Vanessa Bertoni", "email": "acaracciolo@example.org"}}, {"model": "record.customer", "pk": 2, "fields": {"name": "Lina Giannuzzi", "email": "giampaolosermonti@example.org"}}, {"model": "record.customer", "pk": 3, "fields": {"name": "Ermanno Filippelli", "email": "licia96@example.com"}}, {"model": "record.customer", "pk": 4, "fields": {"name": "Adelmo Vento-Omma", "email": "gino96@example.org"}}, {"model": "record.customer", "pk": 5, "fields": {"name": "Dott. Raimondo Pedersoli", "email": "dallaagnolo@example.net"}}, {"model": "record.customer", "pk": 6, "fields": {"name": "Carla Borzomì", "email": "salgarijacopo@example.net"}}, {"model": "record.customer", "pk": 7, "fields": {"name": "Jacopo Lombroso", "email": "laura93@example.org"}}, {"model": "record.customer", "pk": 8, "fields": {"name": "Ernesto Asmundo", "email": "romanapaolucci@example.com"}}, {"model": "record.customer", "pk": 9, "fields": {"name": "Marcantonio Cicala", "email": "augustoginese@example.com"}}, {"model": "record.customer", "pk": 10, "fields": {"name": "Marcello Puglisi", "email": "massimilianopedersoli@example.org"}}, {"model": "record.customer", "pk": 11, "fields": {"name": "Gaspare Sforza", "email": "rolandomajorana@example.org"}}, {"model": "record.customer", "pk": 12, "fields": {"name": "Sig.ra Rita Niggli", "email": "pierpaolo57@example.org"}}, {"model": "record.customer", "pk": 13, "fields": {"name": "Fiamma Carfagna-Calgari", "email": "erikabazzi@example.org"}}, {"model": "record.customer", "pk": 14, "fields": {"name": "Greca Onio", "email": "cuomopompeo@example.net"}}, {"model": "record.customer", "pk": 15, "fields": {"name": "Anita Ariasso", "email": "ottone46@example.org"}}, {"model": "record.customer", "pk": 16, "fields": {"name": "Sig. Raffaello Papetti", "email": "finziennio@example.net"}}, {"model": "record.customer", "pk": 17, "fields": {"name": "Priscilla Borrani", "email": "barbaramodugno@example.org"}}, {"model": "record.customer", "pk": 18, "fields": {"name": "Liberto Trezzini", "email": "rosaliamancini@example.org"}}, {"model": "record.customer", "pk": 19, "fields": {"name": "Sig.ra Chiara Merisi", "email": "panfilo08@example.org"}}, {"model": "record.customer", "pk": 20, "fields": {"name": "Dott. Gabriele Basadonna", "email": "xcostalonga@example.com"}}, {"model": "record.customer", "pk": 21, "fields": {"name": "Federica Disdero", "email": "cesareeinaudi@example.com"}}, {"model": "record.customer", "pk": 22, "fields": {"name": "Valerio Fagiani-Emanuelli", "email": "wboccaccio@example.org"}}, {"model": "record.customer", "pk": 23, "fields": {"name": "Sig. Roberto Surian", "email": "hscamarcio@example.com"}}, {"model": "record.customer", "pk": 24, "fields": {"name": "Tatiana Burcardo-Martucci", "email": "fspanevello@example.com"}}, {"model": "record.customer", "pk": 25, "fields": {"name": "Priscilla Vercelloni", "email": "grienzo@example.org"}}, {"model": "record.customer", "pk": 26, "fields": {"name": "Leonardo Morpurgo", "email": "ygoldstein@example.com"}}, {"model": "record.customer", "pk": 27, "fields": {"name": "Ninetta Monte-Morlacchi", "email": "venancio03@example.com"}}, {"model": "record.customer", "pk": 28, "fields": {"name": "Stefani Tasso", "email": "steinmassimo@example.com"}}, {"model": "record.customer", "pk": 29, "fields": {"name": "Lodovico Murri", "email": "gungaretti@example.org"}}, {"model": "record.customer", "pk": 30, "fields": {"name": "Tonino Visintini-Leoncavallo", "email": "calogeronosiglia@example.com"}}, {"model": "record.customer", "pk": 31, "fields": {"name": "Achille Amaldi", "email": "nicolomascagni@example.org"}}, {"model": "record.customer", "pk": 32, "fields": {"name": "Gloria Murialdo", "email": "grecocapecchi@example.net"}}, {"model": "record.customer", "pk": 33, "fields": {"name": "Giulietta Caffarelli-Saragat", "email": "zmoneta@example.com"}}, {"model": "record.customer", "pk": 34, "fields": {"name": "Arsenio Trevisani", "email": "pozzeccougolino@example.com"}}, {"model": "record.customer", "pk": 35, "fields": {"name": "Bianca Franscini", "email": "eugenialopresti@example.org"}}, {"model": "record.customer", "pk": 36, "fields": {"name": "Aria Rubbia", "email": "stefaniapolani@example.net"}}, {"model": "record.customer", "pk": 37, "fields": {"name": "Gastone Onisto", "email": "kfaranda@example.org"}}, {"model": "record.customer", "pk": 38, "fields": {"name": "Pellegrino Legnante", "email": "sfallaci@example.com"}}, {"model": "record.customer", "pk": 39, "fields": {"name": "Massimo Sordi", "email": "martinelligiuliano@example.com"}}, {"model": "record.customer", "pk": 40, "fields": {"name": "Gabriele Chiesa-Fallaci", "email": "monteverdimarissa@example.net"}}, {"model": "record.service", "pk": 1, "fields": {"title": "Counselling Psychologist"}}, {"model": "record.service", "pk": 2, "fields": {"title": "Radiographer, Diagnostic"}}, {"model": "record.service", "pk": 3, "fields": {"title": "Sales Executive"}}, {"model": "record.service", "pk": 4, "fields": {"title": "Journalist, Broadcasting"}}, {"model": "record.service", "pk": 5, "fields": {"title": "Acupuncturist"}}, {"model": "record.service", "pk": 6, "fields": {"title": "Production Assistant, Television"}}, {"model": "record.service", "pk": 7, "fields": {"title": "Optician, Dispensing"}}, {"model": "record.service", "pk": 8, "fields": {"title": "Education Officer, Community"}}, {"model": "record.service", "pk": 9, "fields": {"title": "Surveyor, Planning And Development"}}, {"model": "record.service", "pk": 10, "fields": {"title": "Engineer, Technical Sales"}}, {"model": "record.service", "pk": 11, "fields": {"title": "Video Editor"}}, {"model": "record.service", "pk": 12, "fields": {"title": "Health Visitor"}}, {"model": "record.service", "pk": 13, "fields": {"title": "Environmental Health Practitioner"}}, {"model": "record.service", "pk": 14, "fields": {"title": "Magazine Features Editor"}}, {"model": "record.service", "pk": 15, "fields": {"title": "Special Educational Needs Teacher"}}, {"model": "record.service", "pk": 16, "fields": {"title": "Engineer, Materials"}}, {"model": "record.service", "pk": 17, "fields": {"title": "Theatre Director"}}, {"model": "record.service", "pk": 18, "fields": {"title": "Theme Park Manager"}}, {"model": "record.service", "pk": 19, "fields": {"title": "Pharmacist, Hospital"}}, {"model": "record.service", "pk": 20, "fields": {"title": "Investment Banker, Operational"}}, {"model": "record.professional", "pk": 1, "fields": {"name": "Carmelo Raimondi", "email": "scialpibartolomeo@example.net"}}, {"model": "record.professional", "pk": 2, "fields": {"name": "Clelia Barbarigo", "email": "nosigliagianmarco@example.org"}}, {"model": "record.professional", "pk": 3, "fields": {"name": "Maurizio Mazzacurati", "email": "aldo68@example.net"}}, {"model": "record.professional", "pk": 4, "fields": {"name": "Ida Spanevello-Ceravolo", "email": "mondainipina@example.org"}}, {"model": "record.professional", "pk": 5, "fields": {"name": "Annibale Sgalambro-Morosini", "email": "donatella03@example.net"}}, {"model": "record.professional", "pk": 6, "fields": {"name": "Concetta Galiazzo-Paolini", "email": "ivofalloppio@example.net"}}, {"model": "record.professional", "pk": 7, "fields": {"name": "Massimo Cilibrasi", "email": "pasoliniraimondo@example.org"}}, {"model": "record.professional", "pk": 8, "fields": {"name": "Telemaco Vasari", "email": "lando04@example.com"}}, {"model": "record.professional", "pk": 9, "fields": {"name": "Isabella Gatto", "email": "nricolfi@example.com"}}, {"model": "record.professional", "pk": 10, "fields": {"name": "Piergiuseppe Gilardoni-Dalla", "email": "mattiacuratoli@example.com"}}, {"model": "record.professional", "pk": 11, "fields": {"name": "Lauretta Malatesta", "email": "gianni27@example.org"}}, {"model": "record.professional", "pk": 12, "fields": {"name": "Veronica Emo", "email": "giovannaalboni@example.com"}}, {"model": "record.professional", "pk": 13, "fields": {"name": "Dott. Ramona Storladi", "email": "ottonesanguineti@example.org"}}, {"model": "record.professional", "pk": 14, "fields": {"name": "Giulietta Boccaccio", "email": "qferragni@example.net"}}, {"model": "record.professional", "pk": 15, "fields": {"name": "Rita Missoni", "email": "castellifrancesca@example.net"}}, {"model": "record.professional", "pk": 16, "fields": {"name": "Carolina Veneziano", "email": "vitocorradi@example.net"}}, {"model": "record.professional", "pk": 17, "fields": {"name": "Sig. Delfino Gritti", "email": "lercarigreca@example.org"}}, {"model": "record.professional", "pk": 18, "fields": {"name": "Ivan Onio", "email": "rosalia16@example.net"}}, {"model": "record.professional", "pk": 19, "fields": {"name": "Cristina Pizzetti", "email": "landoblasi@example.net"}}, {"model": "record.professional", "pk": 20, "fields": {"name": "Tiziana Gentileschi", "email": "opigafetta@example.net"}}, {"model": "record.professional", "pk": 21, "fields": {"name": "Milena Muti", "email": "roberto39@example.com"}}, {"model": "record.professional", "pk": 22, "fields": {"name": "Mirko Venditti", "email": "antonio82@example.com"}}, {"model": "record.professional", "pk": 23, "fields": {"name": "Ugolino Gabba", "email": "gtedesco@example.net"}}, {"model": "record.professional", "pk": 24, "fields": {"name": "Priscilla Alfieri", "email": "grifeogioacchino@example.net"}}, {"model": "record.professional", "pk": 25, "fields": {"name": "Leopoldo Balotelli-Paolini", "email": "cusanopompeo@example.org"}}, {"model": "record.professional", "pk": 26, "fields": {"name": "Dott. Iolanda Petrocelli", "email": "alfredo56@example.net"}}, {"model": "record.professional", "pk": 27, "fields": {"name": "Adele Piacentini", "email": "pstein@example.com"}}, {"model": "record.professional", "pk": 28, "fields": {"name": "Raffaella Bignami", "email": "mauriziomarconi@example.com"}}, {"model": "record.professional", "pk": 29, "fields": {"name": "Vittorio Magnani-Donatoni", "email": "sdurante@example.com"}}, {"model": "record.professional", "pk": 30, "fields": {"name": "Rolando Smirnoff-Disdero", "email": "luca89@example.org"}}, {"model": "record.professional", "pk": 31, "fields": {"name": "Serafina Renzi-Nordio", "email": "alessandroferraris@example.net"}}, {"model": "record.professional", "pk": 32, "fields": {"name": "Virginia Accardo", "email": "qagostinelli@example.org"}}, {"model": "record.professional", "pk": 33, "fields": {"name": "Sig.ra Viridiana Tacchini", "email": "abatantuonohugo@example.net"}}, {"model": "record.professional", "pk": 34, "fields": {"name": "Stefano Morpurgo-Delle", "email": "elisatotino@example.com"}}, {"model": "record.professional", "pk": 35, "fields": {"name": "Nicoletta Paruta", "email": "sylvia63@example.com"}}, {"model": "record.professional", "pk": 36, "fields": {"name": "Dott. Barbara Conte", "email": "chindamoadelmo@example.com"}}, {"model": "record.professional", "pk": 37, "fields": {"name": "Nico Zaccagnini-Mercadante", "email": "randazzoelisa@example.net"}}, {"model": "record.professional", "pk": 38, "fields": {"name": "Anita Udinese-Sbarbaro", "email": "xbeccheria@example.org"}}, {"model": "record.professional", "pk": 39, "fields": {"name": "Salvi Riccati-Luxardo", "email": "camillovillarosa@example.com"}}, {"model": "record.professional", "pk": 40, "fields": {"name": "Piero Maderno", "email": "procaccieliana@example.com"}}, {"model": "appointment.schedule", "pk": 1, "fields": {"date_time": "2025-07-18T19:17:33.804", "professional": 25, "service": 12, "customer": 3, "status": "3"}}, {"model": "appointment.schedule", "pk": 2, "fields": {"date_time": "2025-05-07T18:24:40.092", "professional": 26, "service": 3, "customer": 15, "status": "3"}}, {"model": "appointment.schedule", "pk": 3, "fields": {"date_time": "2025-03-15T03:04:05.350", "professional": 39, "service": 6, "customer": 5, "status": "3"}}, {"model": "appointment.schedule", "pk": 4, "fields": {"date_time": "2025-04-17T15:23:29.826", "professional": 32, "service": 17, "customer": 31, "status": "3"}}, {"model": "appointment.schedule", "pk": 5, "fields": {"date_time": "2025-04-22T04:30:47.862", "professional": 26, "service": 2, "customer": 36, "status": "2"}}, {"model": "appointment.schedule", "pk": 6, "fields": {"date_time": "2025-01-18T04:25:29.815", "professional": 2, "service": 10, "customer": 31, "status": "1"}}, {"model": "appointment.schedule", "pk": 7, "fields": {"date_time": "2025-03-09T21:02:43.107", "professional": 7, "service": 20, "customer": 32, "status": "2"}}, {"model": "appointment.schedule", "pk": 8, "fields": {"date_time": "2025-05-12T11:19:32.422", "professional": 36, "service": 14, "customer": 4, "status": "2"}}, {"model": "appointment.schedule", "pk": 9, "fields": {"date_time": "2025-03-27T21:38:33.094", "professional": 26, "service": 7, "customer": 18, "status": "3"}}, {"model": "appointment.schedule", "pk": 10, "fields": {"date_time": "2025-04-09T10:16:41.175", "professional": 23, "service": 16, "customer": 32, "status": "3"}}, {"model": "appointment.schedule", "pk": 11, "fields": {"date_time": "2025-03-16T05:45:03.434", "professional": 25, "service": 10, "customer": 31, "status": "1"}}, {"model": "appointment.schedule", "pk": 12, "fields": {"date_time": "2025-03-14T16:27:24.769", "professional": 14, "service": 12, "customer": 31, "status": "1"}}, {"model": "appointment.schedule", "pk": 13, "fields": {"date_time": "2025-05-27T18:53:13.397", "professional": 11, "service": 11, "customer": 26, "status": "2"}}, {"model": "appointment.schedule", "pk": 14, "fields": {"date_time": "2025-06-27T04:01:05.284", "professional": 3, "service": 20, "customer": 34, "status": "3"}}, {"model": "appointment.schedule", "pk": 15, "fields": {"date_time": "2025-06-27T11:03:47.780", "professional": 19, "service": 12, "customer": 10, "status": "3"}}, {"model": "appointment.schedule", "pk": 16, "fields": {"date_time": "2025-07-20T23:41:36.874", "professional": 1, "service": 10, "customer": 38, "status": "3"}}, {"model": "appointment.schedule", "pk": 17, "fields": {"date_time": "2025-01-10T11:42:25.347", "professional": 18, "service": 18, "customer": 10, "status": "2"}}, {"model": "appointment.schedule", "pk": 18, "fields": {"date_time": "2025-04-24T02:19:42.887", "professional": 18, "service": 6, "customer": 40, "status": "2"}}, {"model": "appointment.schedule", "pk": 19, "fields": {"date_time": "2025-05-12T13:15:57.886", "professional": 2, "service": 18, "customer": 4, "status": "2"}}, {"model": "appointment.schedule", "pk": 20, "fields": {"date_time": "2025-06-18T08:23:44.978", "professional": 34, "service": 7, "customer": 31, "status": "1"}}, {"model": "appointment.schedule", "pk": 21, "fields": {"date_time": "2025-03-26T18:46:37.451", "professional": 39, "service": 13, "customer": 5, "status": "1"}}, {"model": "appointment.schedule", "pk": 22, "fields": {"date_time": "2025-04-11T03:06:12.311", "professional": 33, "service": 10, "customer": 17, "status": "1"}}, {"model": "appointment.schedule", "pk": 23, "fields": {"date_time": "2025-04-19T10:42:06.686", "professional": 16, "service": 9, "customer": 16, "status": "1"}}, {"model": "appointment.schedule", "pk": 24, "fields": {"date_time": "2025-03-16T09:56:57.561", "professional": 7, "service": 13, "customer": 31, "status": "3"}}, {"model": "appointment.schedule", "pk": 25, "fields": {"date_time": "2025-04-06T15:53:04.208", "professional": 7, "service": 3, "customer": 17, "status": "3"}}, {"model": "appointment.schedule", "pk": 26, "fields": {"date_time": "2025-04-04T19:53:36.940", "professional": 33, "service": 10, "customer": 32, "status": "3"}}, {"model": "appointment.schedule", "pk": 27, "fields": {"date_time": "2025-08-11T02:23:20.506", "professional": 1, "service": 19, "customer": 6, "status": "2"}}, {"model": "appointment.schedule", "pk": 28, "fields": {"date_time": "2025-03-02T15:48:00.432", "professional": 9, "service": 12, "customer": 24, "status": "1"}}, {"model": "appointment.schedule", "pk": 29, "fields": {"date_time": "2025-01-14T06:20:00.771", "professional": 29, "service": 1, "customer": 15, "status": "1"}}, {"model": "appointment.schedule", "pk": 30, "fields": {"date_time": "2025-06-23T13:44:03.717", "professional": 40, "service": 15, "customer": 35, "status": "1"}}, {"model": "appointment.schedule", "pk": 31, "fields": {"date_time": "2025-03-26T01:29:22.725", "professional": 3, "service": 20, "customer": 2, "status": "1"}}, {"model": "appointment.schedule", "pk": 32, "fields": {"date_time": "2025-02-24T20:20:49.200", "professional": 33, "service": 13, "customer": 4, "status": "1"}}, {"model": "appointment.schedule", "pk": 33, "fields": {"date_time": "2025-07-02T04:58:50.807", "professional": 34, "service": 19, "customer": 13, "status": "1"}}, {"model": "appointment.schedule", "pk": 34, "fields": {"date_time": "2025-05-06T02:38:26.493", "professional": 25, "service": 18, "customer": 18, "status": "2"}}, {"model": "appointment.schedule", "pk": 35, "fields": {"date_time": "2025-01-10T03:43:18.024", "professional": 1, "service": 16, "customer": 27, "status": "2"}}, {"model": "appointment.schedule", "pk": 36, "fields": {"date_time": "2025-05-28T14:30:54.596", "professional": 9, "service": 2, "customer": 30, "status": "2"}}, {"model": "appointment.schedule", "pk": 37, "fields": {"date_time": "2025-03-29T22:11:58.169", "professional": 38, "service": 11, "customer": 24, "status": "1"}}, {"model": "appointment.schedule", "pk": 38, "fields": {"date_time": "2025-05-26T07:05:45.733", "professional": 21, "service": 20, "customer": 7, "status": "1"}}, {"model": "appointment.schedule", "pk": 39, "fields": {"date_time": "2025-03-07T17:04:11.925", "professional": 11, "service": 10, "customer": 1, "status": "1"}}, {"model": "appointment.schedule", "pk": 40, "fields": {"date_time": "2025-01-15T21:29:12.863", "professional": 27, "service": 2, "customer": 15, "status": "2"}}, {"model": "appointment.schedule", "pk": 41, "fields": {"date_time": "2025-02-04T21:05:24.690", "professional": 17, "service": 7, "customer": 3, "status": "2"}}, {"model": "appointment.schedule", "pk": 42, "fields": {"date_time": "2025-03-08T06:29:19.062", "professional": 28, "service": 20, "customer": 27, "status": "1"}}, {"model": "appointment.schedule", "pk": 43, "fields": {"date_time": "2025-06-10T00:08:01.630", "professional": 12, "service": 4, "customer": 9, "status": "3"}}, {"model": "appointment.schedule", "pk": 44, "fields": {"date_time": "2025-03-09T20:47:45.866", "professional": 14, "service": 17, "customer": 3, "status": "1"}}, {"model": "appointment.schedule", "pk": 45, "fields": {"date_time": "2025-01-24T11:26:27.569", "professional": 37, "service": 4, "customer": 30, "status": "1"}}, {"model": "appointment.schedule", "pk": 46, "fields": {"date_time": "2025-02-18T06:42:48.635", "professional": 1, "service": 4, "customer": 19, "status": "3"}}, {"model": "appointment.schedule", "pk": 47, "fields": {"date_time": "2025-07-21T05:58:22.837", "professional": 23, "service": 18, "customer": 33, "status": "1"}}, {"model": "appointment.schedule", "pk": 48, "fields": {"date_time": "2025-01-18T02:31:45.786", "professional": 33, "service": 8, "customer": 11, "status": "2"}}, {"model": "appointment.schedule", "pk": 49, "fields": {"date_time": "2025-02-25T01:48:22.373", "professional": 29, "service": 16, "customer": 8, "status": "1"}}, {"model": "appointment.schedule", "pk": 50, "fields": {"date_time": "2025-08-08T01:15:14.458", "professional": 20, "service": 11, "customer": 8, "status": "1"}}, {"model": "appointment.schedule", "pk": 51, "fields": {"date_time": "2025-06-30T09:15:42.808", "professional": 40, "service": 16, "customer": 40, "status": "2"}}, {"model": "appointment.schedule", "pk": 52, "fields": {"date_time": "2025-05-24T13:11:02.678", "professional": 29, "service": 20, "customer": 12, "status": "3"}}, {"model": "appointment.schedule", "pk": 53, "fields": {"date_time": "2025-04-17T23:30:04.262", "professional": 40, "service": 17, "customer": 18, "status": "3"}}, {"model": "appointment.schedule", "pk": 54, "fields": {"date_time": "2025-04-08T13:22:21.231", "professional": 24, "service": 2, "customer": 13, "status": "3"}}, {"model": "appointment.schedule", "pk": 55, "fields": {"date_time": "2025-05-26T14:35:00.570", "professional": 40, "service": 15, "customer": 25, "status": "1"}}, {"model": "appointment.schedule", "pk": 56, "fields": {"date_time": "2025-07-29T08:18:57.698", "professional": 11, "service": 17, "customer": 23, "status": "1"}}, {"model": "appointment.schedule", "pk": 57, "fields": {"date_time": "2025-05-28T11:22:10.988", "professional": 17, "service": 5, "customer": 25, "status": "1"}}, {"model": "appointment.schedule", "pk": 58, "fields": {"date_time": "2025-06-15T08:09:28.656", "professional": 14, "service": 13, "customer": 4, "status": "1"}}, {"model": "appointment.schedule", "pk": 59, "fields": {"date_time": "2025-04-09T00:13:10.028", "professional": 13, "service": 11, "customer": 23, "status": "3"}}, {"model": "appointment.schedule", "pk": 60, "fields": {"date_time": "2025-05-30T07:20:04.246", "professional": 31, "service": 13, "customer": 3, "status": "1"}}, {"model": "appointment.schedule", "pk": 61, "fields": {"date_time": "2025-06-02T05:39:15.859", "professional": 32, "service": 17, "customer": 3, "status": "3"}}, {"model": "appointment.schedule", "pk": 62, "fields": {"date_time": "2025-07-19T22:26:29.107", "professional": 10, "service": 2, "customer": 3, "status": "1"}}, {"model": "appointment.schedule", "pk": 63, "fields": {"date_time": "2025-05-23T16:00:51.900", "professional": 6, "service": 8, "customer": 27, "status": "2"}}, {"model": "appointment.schedule", "pk": 64, "fields": {"date_time": "2025-03-23T21:29:30.512", "professional": 14, "service": 2, "customer": 11, "status": "1"}}, {"model": "appointment.schedule", "pk": 65, "fields": {"date_time": "2025-07-18T15:31:29.586", "professional": 4, "service": 17, "customer": 19, "status": "3"}}, {"model": "appointment.schedule", "pk": 66, "fields": {"date_time": "2025-06-04T05:23:28.719", "professional": 33, "service": 16, "customer": 33, "status": "2"}}, {"model": "appointment.schedule", "pk": 67, "fields": {"date_time": "2025-02-19T02:29:46.029", "professional": 26, "service": 18, "customer": 13, "status": "2"}}, {"model": "appointment.schedule", "pk": 68, "fields": {"date_time": "2025-08-02T13:33:24.738", "professional": 31, "service": 6, "customer": 23, "status": "3"}}, {"model": "appointment.schedule", "pk": 69, "fields": {"date_time": "2025-07-08T00:46:28.117", "professional": 28, "service": 11, "customer": 32, "status": "1"}}, {"model": "appointment.schedule", "pk": 70, "fields": {"date_time": "2025-06-18T13:42:49.193", "professional": 6, "service": 9, "customer": 24, "status": "1"}}, {"model": "appointment.schedule", "pk": 71, "fields": {"date_time": "2025-06-13T21:39:39.682", "professional": 38, "service": 17, "customer": 11, "status": "2"}}, {"model": "appointment.schedule", "pk": 72, "fields": {"date_time": "2025-07-06T19:49:42.997", "professional": 2, "service": 11, "customer": 35, "status": "3"}}, {"model": "appointment.schedule", "pk": 73, "fields": {"date_time": "2025-04-17T01:12:52.841", "professional": 31, "service": 13, "customer": 39, "status": "3"}}, {"model": "appointment.schedule", "pk": 74, "fields": {"date_time": "2025-02-25T15:32:13.590", "professional": 16, "service": 13, "customer": 32, "status": "3"}}, {"model": "appointment.schedule", "pk": 75, "fields": {"date_time": "2025-06-03T21:52:29.532", "professional": 16, "service": 11, "customer": 9, "status": "2"}}, {"model": "appointment.schedule", "pk": 76, "fields": {"date_time": "2025-04-09T21:57:15.974", "professional": 38, "service": 5, "customer": 33, "status": "3"}}, {"model": "appointment.schedule", "pk": 77, "fields": {"date_time": "2025-01-13T17:55:19.312", "professional": 27, "service": 3, "customer": 40, "status": "3"}}, {"model": "appointment.schedule", "pk": 78, "fields": {"date_time": "2025-03-06T12:18:13.874", "professional": 4, "service": 12, "customer": 23, "status": "2"}}, {"model": "appointment.schedule", "pk": 79, "fields": {"date_time": "2025-02-21T07:17:41.277", "professional": 5, "service": 5, "customer": 14, "status": "2"}}, {"model": "appointment.schedule", "pk": 80, "fields": {"date_time": "2025-07-06T10:51:52.282", "professional": 29, "service": 2, "customer": 37, "status": "1"}}, {"model": "appointment.schedule", "pk": 81, "fields": {"date_time": "2025-07-20T18:19:26.406", "professional": 11, "service": 15, "customer": 16, "status": "1"}}, {"model": "appointment.schedule", "pk": 82, "fields": {"date_time": "2025-05-13T01:00:25.001", "professional": 18, "service": 19, "customer": 14, "status": "2"}}, {"model": "appointment.schedule", "pk": 83, "fields": {"date_time": "2025-04-18T03:18:38.046", "professional": 36, "service": 20, "customer": 4, "status": "3"}}, {"model": "appointment.schedule", "pk": 84, "fields": {"date_time": "2025-04-25T16:39:42.625", "professional": 27, "service": 7, "customer": 22, "status": "1"}}, {"model": "appointment.schedule", "pk": 85, "fields": {"date_time": "2025-01-18T07:20:05.710", "professional": 33, "service": 8, "customer": 31, "status": "3"}}, {"model": "appointment.schedule", "pk": 86, "fields": {"date_time": "2025-01-04T15:41:31.914", "professional": 39, "service": 17, "customer": 39, "status": "1"}}, {"model": "appointment.schedule", "pk": 87, "fields": {"date_time": "2025-01-23T17:31:01.867", "professional": 37, "service": 12, "customer": 37, "status": "1"}}, {"model": "appointment.schedule", "pk": 88, "fields": {"date_time": "2025-01-12T03:09:44.691", "professional": 23, "service": 3, "customer": 27, "status": "2"}}, {"model": "appointment.schedule", "pk": 89, "fields": {"date_time": "2025-01-28T07:41:28.589", "professional": 7, "service": 19, "customer": 2, "status": "2"}}, {"model": "appointment.schedule", "pk": 90, "fields": {"date_time": "2025-01-16T01:25:54.619", "professional": 39, "service": 18, "customer": 33, "status": "1"}}, {"model": "appointment.schedule", "pk": 91, "fields": {"date_time": "2025-06-14T21:52:33.917", "professional": 24, "service": 12, "customer": 28, "status": "3"}}, {"model": "appointment.schedule", "pk": 92, "fields": {"date_time": "2025-06-23T08:00:10.634", "professional": 2, "service": 16, "customer": 10, "status": "1"}}, {"model": "appointment.schedule", "pk": 93, "fields": {"date_time": "2025-03-17T15:37:47.787", "professional": 30, "service": 2, "customer": 19, "status": "2"}}, {"model": "appointment.schedule", "pk": 94, "fields": {"date_time": "2025-02-11T23:23:52.702", "professional": 5, "service": 17, "customer": 11, "status": "3"}}, {"model": "appointment.schedule", "pk": 95, "fields": {"date_time": "2025-04-13T22:13:01.294", "professional": 21, "service": 9, "customer": 2, "status": "2"}}, {"model": "appointment.schedule", "pk": 96, "fields": {"date_time": "2025-07-15T06:11:33.495", "professional": 15, "service": 2, "customer": 40, "status": "1"}}, {"model": "appointment.schedule", "pk": 97, "fields": {"date_time": "2025-06-17T03:59:18.075", "professional": 2, "service": 3, "customer": 14, "status": "1"}}, {"model": "appointment.schedule", "pk": 98, "fields": {"date_time": "2025-06-30T20:36:30.677", "professional": 3, "service": 15, "customer": 32, "status": "2"}}, {"model": "appointment.schedule", "pk": 99, "fields": {"date_time": "2025-02-24T19:10:39.392", "professional": 25, "service": 19, "customer": 28, "status": "1"}}, {"model": "appointment.schedule", "pk": 100, "fields": {"date_time": "2025-02-05T19:01:48.286", "professional": 26, "service": 15, "customer": 33, "status": "2"}}, {"model": "appointment.schedule", "pk": 101, "fields": {"date_time": "2025-04-17T12:08:29.545", "professional": 7, "service": 8, "customer": 24, "status": "2"}}, {"model": "appointment.schedule", "pk": 102, "fields": {"date_time": "2025-03-21T18:51:35.573", "professional": 40, "service": 16, "customer": 24, "status": "1"}}, {"model": "appointment.schedule", "pk": 103, "fields": {"date_time": "2025-06-10T06:20:12.794", "professional": 13, "service": 15, "customer": 34, "status": "1"}}, {"model": "appointment.schedule", "pk": 104, "fields": {"date_time": "2025-05-21T13:33:16.814", "professional": 8, "service": 8, "customer": 26, "status": "3"}}, {"model": "appointment.schedule", "pk": 105, "fields": {"date_time": "2025-01-01T11:05:04.504", "professional": 2, "service": 15, "customer": 36, "status": "2"}}, {"model": "appointment.schedule", "pk": 106, "fields": {"date_time": "2025-02-20T17:30:13.406", "professional": 32, "service": 7, "customer": 29, "status": "3"}}, {"model": "appointment.schedule", "pk": 107, "fields": {"date_time": "2025-03-24T09:51:39.815", "professional": 8, "service": 5, "customer": 34, "status": "1"}}, {"model": "appointment.schedule", "pk": 108, "fields": {"date_time": "2025-03-14T13:07:49.875", "professional": 28, "service": 8, "customer": 34, "status": "1"}}, {"model": "appointment.schedule", "pk": 109, "fields": {"date_time": "2025-05-18T15:19:32.151", "professional": 13, "service": 12, "customer": 29, "status": "1"}}, {"model": "appointment.schedule", "pk": 110, "fields": {"date_time": "2025-05-16T21:54:15.100", "professional": 17, "service": 9, "customer": 21, "status": "1"}}, {"model": "appointment.schedule", "pk": 111, "fields": {"date_time": "2025-05-24T14:27:28.852", "professional": 37, "service": 3, "customer": 5, "status": "1"}}, {"model": "appointment.schedule", "pk": 112, "fields": {"date_time": "2025-05-17T10:06:42.267", "professional": 29, "service": 5, "customer": 33, "status": "2"}}, {"model": "appointment.schedule", "pk": 113, "fields": {"date_time": "2025-06-06T11:21:14.895", "professional": 12, "service": 1, "customer": 13, "status": "1"}}, {"model": "appointment.schedule", "pk": 114, "fields": {"date_time": "2025-02-27T09:55:08.335", "professional": 10, "service": 16, "customer": 27, "status": "3"}}, {"model": "appointment.schedule", "pk": 115, "fields": {"date_time": "2025-06-30T15:10:55.466", "professional": 4, "service": 18, "customer": 27, "status": "3"}}, {"model": "appointment.schedule", "pk": 116, "fields": {"date_time": "2025-04-17T05:53:28.476", "professional": 11, "service": 7, "customer": 12, "status": "1"}}, {"model": "appointment.schedule", "pk": 117, "fields": {"date_time": "2025-07-01T00:30:56.334", "professional": 12, "service": 10, "customer": 25, "status": "1"}}, {"model": "appointment.schedule", "pk": 118, "fields": {"date_time": "2025-03-26T05:44:17.796", "professional": 7, "service": 6, "customer": 17, "status": "2"}}, {"model": "appointment.schedule", "pk": 119, "fields": {"date_time": "2025-07-26T20:16:48.375", "professional": 13, "service": 14, "customer": 32, "status": "1"}}, {"model": "appointment.schedule", "pk": 120, "fields": {"date_time": "2025-04-25T07:05:52.165", "professional": 1, "service": 13, "customer": 28, "status": "2"}}, {"model": "appointment.schedule", "pk": 121, "fields": {"date_time": "2025-03-15T01:41:15.818", "professional": 13, "service": 3, "customer": 40, "status": "3"}}, {"model": "appointment.schedule", "pk": 122, "fields": {"date_time": "2025-03-07T09:24:02.252", "professional": 17, "service": 17, "customer": 30, "status": "3"}}, {"model": "appointment.schedule", "pk": 123, "fields": {"date_time": "2025-07-17T23:34:23.775", "professional": 22, "service": 10, "customer": 28, "status": "3"}}, {"model": "appointment.schedule", "pk": 124, "fields": {"date_time": "2025-02-21T00:40:08.176", "professional": 2, "service": 15, "customer": 30, "status": "2"}}, {"model": "appointment.schedule", "pk": 125, "fields": {"date_time": "2025-04-12T16:11:28.703", "professional": 12, "service": 14, "customer": 11, "status": "3"}}, {"model": "appointment.schedule", "pk": 126, "fields": {"date_time": "2025-03-07T16:23:38.124", "professional": 14, "service": 9, "customer": 27, "status": "1"}}, {"model": "appointment.schedule", "pk": 127, "fields": {"date_time": "2025-07-08T01:23:20.112", "professional": 8, "service": 18, "customer": 19, "status": "3"}}, {"model": "appointment.schedule", "pk": 128, "fields": {"date_time": "2025-05-07T00:39:20.267", "professional": 28, "service": 14, "customer": 9, "status": "2"}}, {"model": "appointment.schedule", "pk": 129, "fields": {"date_time": "2025-03-16T03:57:26.725", "professional": 10, "service": 12, "customer": 23, "status": "3"}}, {"model": "appointment.schedule", "pk": 130, "fields": {"date_time": "2025-07-13T10:03:02.979", "professional": 28, "service": 12, "customer": 37, "status": "1"}}, {"model": "appointment.schedule", "pk": 131, "fields": {"date_time": "2025-07-02T10:59:18.455", "professional": 26, "service": 6, "customer": 25, "status": "2"}}, {"model": "appointment.schedule", "pk": 132, "fields": {"date_time": "2025-07-16T01:27:45.299", "professional": 14, "service": 1, "customer": 40, "status": "3"}}, {"model": "appointment.schedule", "pk": 133, "fields": {"date_time": "2025-01-22T17:46:06.675", "professional": 28, "service": 9, "customer": 32, "status": "3"}}, {"model": "appointment.schedule", "pk": 134, "fields": {"date_time": "2025-04-22T23:21:27.514", "professional": 6, "service": 3, "customer": 21, "status": "2"}}, {"model": "appointment.schedule", "pk": 135, "fields": {"date_time": "2025-04-22T02:08:39.785", "professional": 3, "service": 6, "customer": 26, "status": "3"}}, {"model": "appointment.schedule", "pk": 136, "fields": {"date_time": "2025-06-28T02:39:12.874", "professional": 13, "service": 19, "customer": 31, "status": "1"}}, {"model": "appointment.schedule", "pk": 137, "fields": {"date_time": "2025-07-17T18:25:34.606", "professional": 33, "service": 20, "customer": 3, "status": "3"}}, {"model": "appointment.schedule", "pk": 138, "fields": {"date_time": "2025-01-30T14:04:08.521", "professional": 22, "service": 19, "customer": 11, "status": "3"}}, {"model": "appointment.schedule", "pk": 139, "fields": {"date_time": "2025-05-17T12:06:44.555", "professional": 21, "service": 14, "customer": 3, "status": "1"}}, {"model": "appointment.schedule", "pk": 140, "fields": {"date_time": "2025-03-29T04:02:26.832", "professional": 16, "service": 10, "customer": 17, "status": "3"}}, {"model": "appointment.schedule", "pk": 141, "fields": {"date_time": "2025-04-28T13:11:17.930", "professional": 31, "service": 2, "customer": 23, "status": "3"}}, {"model": "appointment.schedule", "pk": 142, "fields": {"date_time": "2025-03-23T17:54:11.960", "professional": 16, "service": 15, "customer": 8, "status": "3"}}, {"model": "appointment.schedule", "pk": 143, "fields": {"date_time": "2025-03-13T09:21:59.456", "professional": 19, "service": 16, "customer": 17, "status": "3"}}, {"model": "appointment.schedule", "pk": 144, "fields": {"date_time": "2025-04-26T11:19:38.255", "professional": 18, "service": 18, "customer": 2, "status": "1"}}, {"model": "appointment.schedule", "pk": 145, "fields": {"date_time": "2025-07-29T07:56:31.605", "professional": 23, "service": 17, "customer": 1, "status": "3"}}, {"model": "appointment.schedule", "pk": 146, "fields": {"date_time": "2025-06-08T10:24:08.519", "professional": 9, "service": 17, "customer": 32, "status": "2"}}, {"model": "appointment.schedule", "pk": 147, "fields": {"date_time": "2025-02-20T09:59:41.201", "professional": 33, "service": 4, "customer": 11, "status": "1"}}, {"model": "appointment.schedule", "pk": 148, "fields": {"date_time": "2025-04-09T02:27:47.155", "professional": 12, "service": 17, "customer": 28, "status": "2"}}, {"model": "appointment.schedule", "pk": 149, "fields": {"date_time": "2025-02-15T11:13:34.234", "professional": 28, "service": 2, "customer": 17, "status": "1"}}, {"model": "appointment.schedule", "pk": 150, "fields": {"date_time": "2025-04-08T00:18:53.896", "professional": 12, "service": 3, "customer": 19, "status": "2"}}, {"model": "appointment.schedule", "pk": 151, "fields": {"date_time": "2025-06-14T16:47:08.126", "professional": 37, "service": 5, "customer": 35, "status": "3"}}, {"model": "appointment.schedule", "pk": 152, "fields": {"date_time": "2025-07-04T10:01:45.073", "professional": 33, "service": 1, "customer": 39, "status": "2"}}, {"model": "appointment.schedule", "pk": 153, "fields": {"date_time": "2025-04-15T15:54:54.077", "professional": 21, "service": 12, "customer": 38, "status": "1"}}, {"model": "appointment.schedule", "pk": 154, "fields": {"date_time": "2025-04-29T16:07:06.246", "professional": 30, "service": 7, "customer": 28, "status": "3"}}, {"model": "appointment.schedule", "pk": 155, "fields": {"date_time": "2025-06-22T05:54:51.479", "professional": 23, "service": 20, "customer": 14, "status": "2"}}, {"model": "appointment.schedule", "pk": 156, "fields": {"date_time": "2025-01-24T20:15:56.227", "professional": 8, "service": 19, "customer": 12, "status": "3"}}, {"model": "appointment.schedule", "pk": 157, "fields": {"date_time": "2025-07-29T10:06:32.974", "professional": 21, "service": 9, "customer": 5, "status": "2"}}, {"model": "appointment.schedule", "pk": 158, "fields": {"date_time": "2025-03-29T17:30:00.668", "professional": 18, "service": 17, "customer": 11, "status": "2"}}, {"model": "appointment.schedule", "pk": 159, "fields": {"date_time": "2025-07-27T18:09:33.169", "professional": 30, "service": 9, "customer": 21, "status": "3"}}, {"model": "appointment.schedule", "pk": 160, "fields": {"date_time": "2025-04-04T07:31:40.907", "professional": 20, "service": 7, "customer": 14, "status": "2"}}, {"model": "appointment.schedule", "pk": 161, "fields": {"date_time": "2025-04-03T12:44:14.290", "professional": 8, "service": 3, "customer": 13, "status": "3"}}, {"model": "appointment.schedule", "pk": 162, "fields": {"date_time": "2025-06-07T09:08:51.720", "professional": 32, "service": 8, "customer": 24, "status": "3"}}, {"model": "appointment.schedule", "pk": 163, "fields": {"date_time": "2025-07-12T02:38:42.795", "professional": 15, "service": 20, "customer": 29, "status": "3"}}, {"model": "appointment.schedule", "pk": 164, "fields": {"date_time": "2025-02-14T10:59:52.826", "professional": 33, "service": 10, "customer": 31, "status": "3"}}, {"model": "appointment.schedule", "pk": 165, "fields": {"date_time": "2025-01-27T14:30:20.440", "professional": 36, "service": 12, "customer": 33, "status": "1"}}, {"model": "appointment.schedule", "pk": 166, "fields": {"date_time": "2025-05-28T10:34:40.690", "professional": 34, "service": 11, "customer": 26, "status": "2"}}, {"model": "appointment.schedule", "pk": 167, "fields": {"date_time": "2025-07-23T20:09:20.142", "professional": 15, "service": 8, "customer": 30, "status": "2"}}, {"model": "appointment.schedule", "pk": 168, "fields": {"date_time": "2025-04-28T15:22:33.855", "professional": 25, "service": 11, "customer": 38, "status": "3"}}, {"model": "appointment.schedule", "pk": 169, "fields": {"date_time": "2025-01-18T07:28:28.310", "professional": 36, "service": 19, "customer": 24, "status": "1"}}, {"model": "appointment.schedule", "pk": 170, "fields": {"date_time": "2025-07-02T23:12:46.063", "professional": 32, "service": 6, "customer": 6, "status": "2"}}, {"model": "appointment.schedule", "pk": 171, "fields": {"date_time": "2025-04-17T15:36:38.358", "professional": 4, "service": 5, "customer": 4, "status": "1"}}, {"model": "appointment.schedule", "pk": 172, "fields": {"date_time": "2025-04-06T13:34:48.333", "professional": 40, "service": 3, "customer": 22, "status": "3"}}, {"model": "appointment.schedule", "pk": 173, "fields": {"date_time": "2025-07-05T15:41:05.348", "professional": 29, "service": 3, "customer": 38, "status": "1"}}, {"model": "appointment.schedule", "pk": 174, "fields": {"date_time": "2025-04-07T08:41:04.935", "professional": 15, "service": 17, "customer": 25, "status": "1"}}, {"model": "appointment.schedule", "pk": 175, "fields": {"date_time": "2025-06-14T18:08:35.611", "professional": 4, "service": 16, "customer": 37, "status": "3"}}, {"model": "appointment.schedule", "pk": 176, "fields": {"date_time": "2025-05-22T00:28:05.711", "professional": 12, "service": 12, "customer": 39, "status": "1"}}, {"model": "appointment.schedule", "pk": 177, "fields": {"date_time": "2025-01-12T06:52:01.662", "professional": 5, "service": 11, "customer": 14, "status": "2"}}, {"model": "appointment.schedule", "pk": 178, "fields": {"date_time": "2025-07-20T02:47:34.022", "professional": 30, "service": 9, "customer": 3, "status": "3"}}, {"model": "appointment.schedule", "pk": 179, "fields": {"date_time": "2025-07-26T21:57:28.885", "professional": 5, "service": 20, "customer": 14, "status": "2"}}, {"model": "appointment.schedule", "pk": 180, "fields": {"date_time": "2025-01-10T18:15:32.358", "professional": 2, "service": 11, "customer": 33, "status": "3"}}, {"model": "appointment.schedule", "pk": 181, "fields": {"date_time": "2025-05-31T10:47:35.638", "professional": 19, "service": 11, "customer": 20, "status": "1"}}, {"model": "appointment.schedule", "pk": 182, "fields": {"date_time": "2025-01-10T12:37:38.587", "professional": 11, "service": 19, "customer": 22, "status": "2"}}, {"model": "appointment.schedule", "pk": 183, "fields": {"date_time": "2025-07-31T16:34:27.567", "professional": 17, "service": 5, "customer": 26, "status": "1"}}, {"model": "appointment.schedule", "pk": 184, "fields": {"date_time": "2025-02-10T08:04:06.916", "professional": 27, "service": 17, "customer": 30, "status": "3"}}, {"model": "appointment.schedule", "pk": 185, "fields": {"date_time": "2025-03-13T04:53:03.764", "professional": 31, "service": 14, "customer": 34, "status": "3"}}, {"model": "appointment.schedule", "pk": 186, "fields": {"date_time": "2025-07-24T02:17:49.432", "professional": 33, "service": 2, "customer": 30, "status": "2"}}, {"model": "appointment.schedule", "pk": 187, "fields": {"date_time": "2025-05-01T09:21:52.454", "professional": 24, "service": 12, "customer": 22, "status": "3"}}, {"model": "appointment.schedule", "pk": 188, "fields": {"date_time": "2025-01-27T10:20:20.363", "professional": 15, "service": 8, "customer": 24, "status": "1"}}, {"model": "appointment.schedule", "pk": 189, "fields": {"date_time": "2025-06-05T01:12:34.748", "professional": 28, "service": 5, "customer": 25, "status": "2"}}, {"model": "appointment.schedule", "pk": 190, "fields": {"date_time": "2025-05-13T18:50:32.620", "professional": 20, "service": 20, "customer": 10, "status": "2"}}, {"model": "appointment.schedule", "pk": 191, "fields": {"date_time": "2025-07-06T15:25:50.243", "professional": 38, "service": 10, "customer": 8, "status": "3"}}, {"model": "appointment.schedule", "pk": 192, "fields": {"date_time": "2025-04-17T12:36:26.802", "professional": 11, "service": 12, "customer": 37, "status": "3"}}, {"model": "appointment.schedule", "pk": 193, "fields": {"date_time": "2025-06-01T08:28:24.612", "professional": 35, "service": 3, "customer": 1, "status": "2"}}, {"model": "appointment.schedule", "pk": 194, "fields": {"date_time": "2025-03-09T11:39:54.439", "professional": 26, "service": 2, "customer": 20, "status": "2"}}, {"model": "appointment.schedule", "pk": 195, "fields": {"date_time": "2025-02-15T11:27:04.996", "professional": 40, "service": 1, "customer": 16, "status": "3"}}, {"model": "appointment.schedule", "pk": 196, "fields": {"date_time": "2025-06-16T09:52:48.389", "professional": 35, "service": 10, "customer": 11, "status": "1"}}, {"model": "appointment.schedule", "pk": 197, "fields": {"date_time": "2025-08-01T18:16:04.673", "professional": 12, "service": 3, "customer": 5, "status": "3"}}, {"model": "appointment.schedule", "pk": 198, "fields": {"date_time": "2025-03-19T12:29:20.211", "professional": 25, "service": 16, "customer": 7, "status": "3"}}, {"model": "appointment.schedule", "pk": 199, "fields": {"date_time": "2025-03-04T23:20:28.107", "professional": 21, "service": 11, "customer": 16, "status": "3"}}, {"model": "appointment.schedule", "pk": 200, "fields": {"date_time": "2025-05-17T16:04:34.926", "professional": 20, "service": 19, "customer": 3, "status": "2"}}, {"model": "appointment.schedule", "pk": 201, "fields": {"date_time": "2025-02-02T01:45:57.604", "professional": 35, "service": 10, "customer": 31, "status": "3"}}, {"model": "appointment.schedule", "pk": 202, "fields": {"date_time": "2025-06-01T22:33:47.362", "professional": 11, "service": 18, "customer": 12, "status": "3"}}, {"model": "appointment.schedule", "pk": 203, "fields": {"date_time": "2025-05-18T10:53:05.921", "professional": 8, "service": 11, "customer": 39, "status": "2"}}, {"model": "appointment.schedule", "pk": 204, "fields": {"date_time": "2025-07-28T06:26:45.027", "professional": 32, "service": 8, "customer": 34, "status": "2"}}, {"model": "appointment.schedule", "pk": 205, "fields": {"date_time": "2025-03-18T16:47:48.852", "professional": 27, "service": 14, "customer": 32, "status": "1"}}, {"model": "appointment.schedule", "pk": 206, "fields": {"date_time": "2025-05-07T14:58:47.021", "professional": 34, "service": 6, "customer": 27, "status": "3"}}, {"model": "appointment.schedule", "pk": 207, "fields": {"date_time": "2025-01-11T14:10:45.543", "professional": 20, "service": 18, "customer": 40, "status": "1"}}, {"model": "appointment.schedule", "pk": 208, "fields": {"date_time": "2025-06-13T00:07:13.633", "professional": 1, "service": 17, "customer": 37, "status": "1"}}, {"model": "appointment.schedule", "pk": 209, "fields": {"date_time": "2025-03-28T10:55:12.493", "professional": 1, "service": 17, "customer": 1, "status": "1"}}, {"model": "appointment.schedule", "pk": 210, "fields": {"date_time": "2025-05-28T23:42:38.009", "professional": 21, "service": 11, "customer": 1, "status": "2"}}, {"model": "appointment.schedule", "pk": 211, "fields": {"date_time": "2025-01-26T20:34:04.556", "professional": 26, "service": 10, "customer": 6, "status": "3"}}, {"model": "appointment.schedule", "pk": 212, "fields": {"date_time": "2025-07-20T16:04:34.697", "professional": 17, "service": 7, "customer": 22, "status": "3"}}, {"model": "appointment.schedule", "pk": 213, "fields": {"date_time": "2025-07-17T21:26:04.459", "professional": 25, "service": 11, "customer": 32, "status": "1"}}, {"model": "appointment.schedule", "pk": 214, "fields": {"date_time": "2025-07-27T23:18:27.605", "professional": 36, "service": 13, "customer": 36, "status": "3"}}, {"model": "appointment.schedule", "pk": 215, "fields": {"date_time": "2025-03-19T21:08:15.579", "professional": 17, "service": 7, "customer": 30, "status": "3"}}, {"model": "appointment.schedule", "pk": 216, "fields": {"date_time": "2025-07-06T19:17:55.435", "professional": 27, "service": 1, "customer": 28, "status": "2"}}, {"model": "appointment.schedule", "pk": 217, "fields": {"date_time": "2025-07-17T10:00:48.896", "professional": 25, "service": 1, "customer": 1, "status": "3"}}, {"model": "appointment.schedule", "pk": 218, "fields": {"date_time": "2025-01-28T14:31:40.091", "professional": 4, "service": 6, "customer": 38, "status": "1"}}, {"model": "appointment.schedule", "pk": 219, "fields": {"date_time": "2025-02-08T21:49:36.036", "professional": 5, "service": 16, "customer": 33, "status": "3"}}, {"model": "appointment.schedule", "pk": 220, "fields": {"date_time": "2025-03-12T11:26:03.130", "professional": 15, "service": 19, "customer": 31, "status": "1"}}, {"model": "appointment.schedule", "pk": 221, "fields": {"date_time": "2025-04-03T15:51:49.672", "professional": 34, "service": 7, "customer": 26, "status": "3"}}, {"model": "appointment.schedule", "pk": 222, "fields": {"date_time": "2025-04-21T17:22:52.053", "professional": 38, "service": 13, "customer": 36, "status": "1"}}, {"model": "appointment.schedule", "pk": 223, "fields": {"date_time": "2025-06-02T18:12:31.794", "professional": 26, "service": 19, "customer": 6, "status": "1"}}, {"model": "appointment.schedule", "pk": 224, "fields": {"date_time": "2025-03-24T10:37:56.186", "professional": 27, "service": 8, "customer": 35, "status": "3"}}, {"model": "appointment.schedule", "pk": 225, "fields": {"date_time": "2025-04-03T14:19:40.122", "professional": 36, "service": 20, "customer": 39, "status": "3"}}, {"model": "appointment.schedule", "pk": 226, "fields": {"date_time": "2025-07-19T20:44:13.264", "professional": 30, "service": 17, "customer": 17, "status": "1"}}, {"model": "appointment.schedule", "pk": 227, "fields": {"date_time": "2025-04-16T16:28:41.220", "professional": 16, "service": 20, "customer": 18, "status": "3"}}, {"model": "appointment.schedule", "pk": 228, "fields": {"date_time": "2025-05-24T16:02:16.333", "professional": 24, "service": 1, "customer": 25, "status": "1"}}, {"model": "appointment.schedule", "pk": 229, "fields": {"date_time": "2025-05-14T17:09:25.022", "professional": 32, "service": 20, "customer": 19, "status": "1"}}, {"model": "appointment.schedule", "pk": 230, "fields": {"date_time": "2025-08-10T19:58:21.152", "professional": 19, "service": 5, "customer": 26, "status": "2"}}, {"model": "appointment.schedule", "pk": 231, "fields": {"date_time": "2025-03-12T10:12:11.993", "professional": 30, "service": 3, "customer": 6, "status": "2"}}, {"model": "appointment.schedule", "pk": 232, "fields": {"date_time": "2025-07-18T09:29:19.429", "professional": 26, "service": 20, "customer": 15, "status": "2"}}, {"model": "appointment.schedule", "pk": 233, "fields": {"date_time": "2025-06-15T08:01:45.134", "professional": 16, "service": 11, "customer": 12, "status": "1"}}, {"model": "appointment.schedule", "pk": 234, "fields": {"date_time": "2025-06-16T22:15:01.754", "professional": 4, "service": 15, "customer": 26, "status": "1"}}, {"model": "appointment.schedule", "pk": 235, "fields": {"date_time": "2025-02-23T05:16:29.602", "professional": 4, "service": 3, "customer": 36, "status": "3"}}, {"model": "appointment.schedule", "pk": 236, "fields": {"date_time": "2025-02-28T21:16:32.727", "professional": 9, "service": 4, "customer": 20, "status": "2"}}, {"model": "appointment.schedule", "pk": 237, "fields": {"date_time": "2025-04-15T06:02:50.947", "professional": 28, "service": 13, "customer": 32, "status": "2"}}, {"model": "appointment.schedule", "pk": 238, "fields": {"date_time": "2025-04-12T01:13:55.157", "professional": 16, "service": 20, "customer": 15, "status": "2"}}, {"model": "appointment.schedule", "pk": 239, "fields": {"date_time": "2025-08-06T09:36:27.653", "professional": 28, "service": 11, "customer": 3, "status": "3"}}, {"model": "appointment.schedule", "pk": 240, "fields": {"date_time": "2025-05-30T21:26:32.838", "professional": 39, "service": 10, "customer": 7, "status": "2"}}, {"model": "appointment.schedule", "pk": 241, "fields": {"date_time": "2025-04-13T23:55:58.531", "professional": 38, "service": 20, "customer": 1, "status": "3"}}, {"model": "appointment.schedule", "pk": 242, "fields": {"date_time": "2025-06-10T11:25:56.955", "professional": 18, "service": 15, "customer": 18, "status": "1"}}, {"model": "appointment.schedule", "pk": 243, "fields": {"date_time": "2025-01-03T13:27:54.311", "professional": 38, "service": 19, "customer": 28, "status": "3"}}, {"model": "appointment.schedule", "pk": 244, "fields": {"date_time": "2025-01-03T18:14:21.786", "professional": 21, "service": 1, "customer": 28, "status": "1"}}, {"model": "appointment.schedule", "pk": 245, "fields": {"date_time": "2025-04-17T05:48:50.455", "professional": 33, "service": 10, "customer": 35, "status": "3"}}, {"model": "appointment.schedule", "pk": 246, "fields": {"date_time": "2025-06-11T18:42:46.611", "professional": 9, "service": 10, "customer": 28, "status": "1"}}, {"model": "appointment.schedule", "pk": 247, "fields": {"date_time": "2025-01-17T01:25:48.604", "professional": 30, "service": 7, "customer": 21, "status": "3"}}, {"model": "appointment.schedule", "pk": 248, "fields": {"date_time": "2025-08-06T00:04:09.247", "professional": 4, "service": 12, "customer": 20, "status": "3"}}, {"model": "appointment.schedule", "pk": 249, "fields": {"date_time": "2025-01-27T05:50:49.977", "professional": 13, "service": 20, "customer": 16, "status": "3"}}, {"model": "appointment.schedule", "pk": 250, "fields": {"date_time": "2025-02-20T08:22:47.646", "professional": 7, "service": 10, "customer": 23, "status": "2"}}, {"model": "appointment.schedule", "pk": 251, "fields": {"date_time": "2025-05-11T15:08:20.716", "professional": 39, "service": 3, "customer": 20, "status": "2"}}, {"model": "appointment.schedule", "pk": 252, "fields": {"date_time": "2025-06-08T15:31:46.677", "professional": 36, "service": 8, "customer": 10, "status": "1"}}, {"model": "appointment.schedule", "pk": 253, "fields": {"date_time": "2025-05-22T04:15:23.113", "professional": 17, "service": 6, "customer": 3, "status": "1"}}, {"model": "appointment.schedule", "pk": 254, "fields": {"date_time": "2025-08-02T14:31:44.271", "professional": 5, "service": 14, "customer": 24, "status": "3"}}, {"model": "appointment.schedule", "pk": 255, "fields": {"date_time": "2025-05-18T23:12:06.179", "professional": 31, "service": 14, "customer": 29, "status": "2"}}, {"model": "appointment.schedule", "pk": 256, "fields": {"date_time": "2025-07-05T19:46:46.679", "professional": 17, "service": 2, "customer": 11, "status": "2"}}, {"model": "appointment.schedule", "pk": 257, "fields": {"date_time": "2025-04-04T03:24:28.720", "professional": 1, "service": 11, "customer": 23, "status": "3"}}, {"model": "appointment.schedule", "pk": 258, "fields": {"date_time": "2025-08-01T19:55:46.395", "professional": 33, "service": 17, "customer": 14, "status": "2"}}, {"model": "appointment.schedule", "pk": 259, "fields": {"date_time": "2025-04-30T11:04:04.125", "professional": 21, "service": 5, "customer": 21, "status": "2"}}, {"model": "appointment.schedule", "pk": 260, "fields": {"date_time": "2025-07-26T20:31:52.546", "professional": 16, "service": 4, "customer": 26, "status": "3"}}, {"model": "appointment.schedule", "pk": 261, "fields": {"date_time": "2025-03-12T06:24:16.978", "professional": 39, "service": 5, "customer": 18, "status": "2"}}, {"model": "appointment.schedule", "pk": 262, "fields": {"date_time": "2025-03-31T05:13:12.429", "professional": 23, "service": 5, "customer": 8, "status": "2"}}, {"model": "appointment.schedule", "pk": 263, "fields": {"date_time": "2025-01-08T12:01:50.610", "professional": 2, "service": 6, "customer": 5, "status": "3"}}, {"model": "appointment.schedule", "pk": 264, "fields": {"date_time": "2025-07-14T16:38:56.872", "professional": 29, "service": 13, "customer": 30, "status": "2"}}, {"model": "appointment.schedule", "pk": 265, "fields": {"date_time": "2025-04-28T14:02:16.818", "professional": 12, "service": 13, "customer": 39, "status": "3"}}, {"model": "appointment.schedule", "pk": 266, "fields": {"date_time": "2025-01-26T17:10:33.920", "professional": 29, "service": 10, "customer": 21, "status": "2"}}, {"model": "appointment.schedule", "pk": 267, "fields": {"date_time": "2025-01-05T19:59:18.776", "professional": 20, "service": 6, "customer": 13, "status": "3"}}, {"model": "appointment.schedule", "pk": 268, "fields": {"date_time": "2025-03-10T06:16:23.145", "professional": 22, "service": 14, "customer": 13, "status": "2"}}, {"model": "appointment.schedule", "pk": 269, "fields": {"date_time": "2025-05-29T21:50:33.359", "professional": 34, "service": 4, "customer": 38, "status": "3"}}, {"model": "appointment.schedule", "pk": 270, "fields": {"date_time": "2025-01-14T11:33:02.003", "professional": 37, "service": 1, "customer": 25, "status": "2"}}, {"model": "appointment.schedule", "pk": 271, "fields": {"date_time": "2025-04-28T23:31:24.319", "professional": 14, "service": 10, "customer": 33, "status": "3"}}, {"model": "appointment.schedule", "pk": 272, "fields": {"date_time": "2025-01-11T00:06:22.025", "professional": 15, "service": 6, "customer": 39, "status": "2"}}, {"model": "appointment.schedule", "pk": 273, "fields": {"date_time": "2025-07-13T13:33:40.200", "professional": 24, "service": 9, "customer": 16, "status": "2"}}, {"model": "appointment.schedule", "pk": 274, "fields": {"date_time": "2025-05-08T06:17:00.201", "professional": 19, "service": 11, "customer": 36, "status": "3"}}, {"model": "appointment.schedule", "pk": 275, "fields": {"date_time": "2025-01-13T22:53:37.261", "professional": 34, "service": 1, "customer": 35, "status": "1"}}, {"model": "appointment.schedule", "pk": 276, "fields": {"date_time": "2025-01-04T11:26:33.513", "professional": 29, "service": 13, "customer": 8, "status": "1"}}, {"model": "appointment.schedule", "pk": 277, "fields": {"date_time": "2025-02-10T07:56:14.201", "professional": 37, "service": 7, "customer": 36, "status": "3"}}, {"model": "appointment.schedule", "pk": 278, "fields": {"date_time": "2025-04-03T08:41:50.950", "professional": 8, "service": 7, "customer": 7, "status": "2"}}, {"model": "appointment.schedule", "pk": 279, "fields": {"date_time": "2025-04-28T16:35:31.812", "professional": 10, "service": 3, "customer": 16, "status": "2"}}, {"model": "appointment.schedule", "pk": 280, "fields": {"date_time": "2025-03-03T04:26:35.455", "professional": 28, "service": 14, "customer": 32, "status": "3"}}, {"model": "appointment.schedule", "pk": 281, "fields": {"date_time": "2025-01-17T04:19:20.549", "professional": 6, "service": 2, "customer": 26, "status": "2"}}, {"model": "appointment.schedule", "pk": 282, "fields": {"date_time": "2025-06-09T19:33:07.865", "professional": 16, "service": 15, "customer": 25, "status": "1"}}, {"model": "appointment.schedule", "pk": 283, "fields": {"date_time": "2025-07-20T11:49:51.616", "professional": 5, "service": 16, "customer": 5, "status": "1"}}, {"model": "appointment.schedule", "pk": 284, "fields": {"date_time": "2025-05-11T17:18:22.160", "professional": 2, "service": 9, "customer": 34, "status": "3"}}, {"model": "appointment.schedule", "pk": 285, "fields": {"date_time": "2025-07-16T13:50:19.081", "professional": 7, "service": 3, "customer": 9, "status": "2"}}, {"model": "appointment.schedule", "pk": 286, "fields": {"date_time": "2025-03-28T17:52:03.120", "professional": 38, "service": 18, "customer": 26, "status": "3"}}, {"model": "appointment.schedule", "pk": 287, "fields": {"date_time": "2025-05-04T13:20:07.869", "professional": 18, "service": 19, "customer": 16, "status": "2"}}, {"model": "appointment.schedule", "pk": 288, "fields": {"date_time": "2025-03-25T13:47:17.032", "professional": 29, "service": 7, "customer": 34, "status": "2"}}, {"model": "appointment.schedule", "pk": 289, "fields": {"date_time": "2025-01-16T18:07:49.945", "professional": 18, "service": 18, "customer": 30, "status": "1"}}, {"model": "appointment.schedule", "pk": 290, "fields": {"date_time": "2025-01-12T05:29:47.269", "professional": 25, "service": 3, "customer": 36, "status": "2"}}, {"model": "appointment.schedule", "pk": 291, "fields": {"date_time": "2025-02-13T11:54:40.052", "professional": 12, "service": 9, "customer": 38, "status": "1"}}, {"model": "appointment.schedule", "pk": 292, "fields": {"date_time": "2025-02-21T07:39:13.441", "professional": 34, "service": 9, "customer": 14, "status": "1"}}, {"model": "appointment.schedule", "pk": 293, "fields": {"date_time": "2025-02-10T14:34:21.741", "professional": 28, "service": 3, "customer": 23, "status": "3"}}, {"model": "appointment.schedule", "pk": 294, "fields": {"date_time": "2025-02-19T19:28:06.728", "professional": 21, "service": 8, "customer": 23, "status": "2"}}, {"model": "appointment.schedule", "pk": 295, "fields": {"date_time": "2025-07-17T07:04:16.334", "professional": 23, "service": 9, "customer": 26, "status": "1"}}, {"model": "appointment.schedule", "pk": 296, "fields": {"date_time": "2025-05-24T14:29:15.987", "professional": 27, "service": 12, "customer": 2, "status": "1"}}, {"model": "appointment.schedule", "pk": 297, "fields": {"date_time": "2025-05-08T18:56:43.954", "professional": 2, "service": 19, "customer": 7, "status": "2"}}, {"model": "appointment.schedule", "pk": 298, "fields": {"date_time": "2025-04-04T05:47:55.874", "professional": 14, "service": 4, "customer": 36, "status": "2"}}, {"model": "appointment.schedule", "pk": 299, "fields": {"date_time": "2025-05-26T16:57:41.846", "professional": 34, "service": 10, "customer": 17, "status": "3"}}, {"model": "appointment.schedule", "pk": 300, "fields": {"date_time": "2025-07-09T14:54:38.951", "professional": 7, "service": 8, "customer": 7, "status": "1"}}, {"model": "appointment.schedule", "pk": 301, "fields": {"date_time": "2025-01-27T03:24:15.585", "professional": 38, "service": 8, "customer": 6, "status": "3"}}, {"model": "appointment.schedule", "pk": 302, "fields": {"date_time": "2025-05-01T19:10:34.664", "professional": 20, "service": 10, "customer": 31, "status": "3"}}, {"model": "appointment.schedule", "pk": 303, "fields": {"date_time": "2025-06-10T08:02:37.565", "professional": 24, "service": 7, "customer": 24, "status": "2"}}, {"model": "appointment.schedule", "pk": 304, "fields": {"date_time": "2025-04-15T05:55:19.466", "professional": 5, "service": 1, "customer": 27, "status": "3"}}, {"model": "appointment.schedule", "pk": 305, "fields": {"date_time": "2025-03-22T21:51:07.768", "professional": 8, "service": 15, "customer": 7, "status": "2"}}, {"model": "appointment.schedule", "pk": 306, "fields": {"date_time": "2025-04-07T05:36:31.479", "professional": 20, "service": 16, "customer": 15, "status": "2"}}, {"model": "appointment.schedule", "pk": 307, "fields": {"date_time": "2025-07-31T13:11:41.601", "professional": 15, "service": 5, "customer": 25, "status": "1"}}, {"model": "appointment.schedule", "pk": 308, "fields": {"date_time": "2025-03-20T17:31:14.313", "professional": 11, "service": 4, "customer": 23, "status": "1"}}, {"model": "appointment.schedule", "pk": 309, "fields": {"date_time": "2025-06-30T01:45:11.813", "professional": 38, "service": 2, "customer": 30, "status": "2"}}, {"model": "appointment.schedule", "pk": 310, "fields": {"date_time": "2025-03-26T23:08:53.189", "professional": 19, "service": 9, "customer": 21, "status": "3"}}, {"model": "appointment.schedule", "pk": 311, "fields": {"date_time": "2025-07-05T22:05:04.385", "professional": 36, "service": 20, "customer": 35, "status": "2"}}, {"model": "appointment.schedule", "pk": 312, "fields": {"date_time": "2025-04-21T11:51:34.483", "professional": 1, "service": 8, "customer": 13, "status": "2"}}, {"model": "appointment.schedule", "pk": 313, "fields": {"date_time": "2025-02-27T08:47:20.623", "professional": 34, "service": 19, "customer": 33, "status": "1"}}, {"model": "appointment.schedule", "pk": 314, "fields": {"date_time": "2025-01-18T03:03:21.133", "professional": 39, "service": 15, "customer": 28, "status": "2"}}, {"model": "appointment.schedule", "pk": 315, "fields": {"date_time": "2025-06-19T10:55:01.542", "professional": 24, "service": 2, "customer": 25, "status": "3"}}, {"model": "appointment.schedule", "pk": 316, "fields": {"date_time": "2025-04-16T21:11:59.344", "professional": 11, "service": 13, "customer": 24, "status": "3"}}, {"model": "appointment.schedule", "pk": 317, "fields": {"date_time": "2025-01-13T03:46:29.695", "professional": 30, "service": 6, "customer": 5, "status": "2"}}, {"model": "appointment.schedule", "pk": 318, "fields": {"date_time": "2025-02-20T05:31:10.150", "professional": 19, "service": 2, "customer": 12, "status": "2"}}, {"model": "appointment.schedule", "pk": 319, "fields": {"date_time": "2025-08-07T15:08:36.939", "professional": 31, "service": 6, "customer": 18, "status": "2"}}, {"model": "appointment.schedule", "pk": 320, "fields": {"date_time": "2025-05-10T09:08:57.370", "professional": 20, "service": 11, "customer": 15, "status": "1"}}, {"model": "appointment.schedule", "pk": 321, "fields": {"date_time": "2025-04-16T17:32:09.406", "professional": 29, "service": 10, "customer": 34, "status": "3"}}, {"model": "appointment.schedule", "pk": 322, "fields": {"date_time": "2025-01-08T15:19:04.691", "professional": 25, "service": 6, "customer": 9, "status": "1"}}, {"model": "appointment.schedule", "pk": 323, "fields": {"date_time": "2025-06-02T16:35:41.519", "professional": 7, "service": 2, "customer": 23, "status": "1"}}, {"model": "appointment.schedule", "pk": 324, "fields": {"date_time": "2025-05-04T03:52:22.371", "professional": 22, "service": 9, "customer": 27, "status": "2"}}, {"model": "appointment.schedule", "pk": 325, "fields": {"date_time": "2025-02-16T07:37:59.268", "professional": 30, "service": 2, "customer": 11, "status": "3"}}, {"model": "appointment.schedule", "pk": 326, "fields": {"date_time": "2025-04-08T03:03:34.556", "professional": 17, "service": 4, "customer": 28, "status": "2"}}, {"model": "appointment.schedule", "pk": 327, "fields": {"date_time": "2025-03-06T12:26:02.282", "professional": 25, "service": 16, "customer": 40, "status": "1"}}, {"model": "appointment.schedule", "pk": 328, "fields": {"date_time": "2025-04-06T23:45:45.957", "professional": 14, "service": 9, "customer": 38, "status": "3"}}, {"model": "appointment.schedule", "pk": 329, "fields": {"date_time": "2025-03-12T23:12:33.908", "professional": 17, "service": 9, "customer": 22, "status": "2"}}, {"model": "appointment.schedule", "pk": 330, "fields": {"date_time": "2025-04-07T01:42:46.215", "professional": 34, "service": 18, "customer": 33, "status": "3"}}, {"model": "appointment.schedule", "pk": 331, "fields": {"date_time": "2025-05-04T12:04:56.272", "professional": 14, "service": 8, "customer": 27, "status": "1"}}, {"model": "appointment.schedule", "pk": 332, "fields": {"date_time": "2025-06-19T12:06:56.331", "professional": 35, "service": 7, "customer": 33, "status": "3"}}, {"model": "appointment.schedule", "pk": 333, "fields": {"date_time": "2025-06-16T22:04:38.782", "professional": 25, "service": 4, "customer": 2, "status": "3"}}, {"model": "appointment.schedule", "pk": 334, "fields": {"date_time": "2025-03-18T08:56:19.992", "professional": 28, "service": 8, "customer": 27, "status": "3"}}, {"model": "appointment.schedule", "pk": 335, "fields": {"date_time": "2025-07-18T22:12:05.386", "professional": 4, "service": 4, "customer": 35, "status": "3"}}, {"model": "appointment.schedule", "pk": 336, "fields": {"date_time": "2025-01-31T02:40:38.335", "professional": 38, "service": 5, "customer": 26, "status": "3"}}, {"model": "appointment.schedule", "pk": 337, "fields": {"date_time": "2025-04-30T15:38:59.947", "professional": 13, "service": 9, "customer": 20, "status": "2"}}, {"model": "appointment.schedule", "pk": 338, "fields": {"date_time": "2025-03-20T08:08:14.232", "professional": 28, "service": 8, "customer": 17, "status": "1"}}, {"model": "appointment.schedule", "pk": 339, "fields": {"date_time": "2025-01-02T19:47:58.468", "professional": 25, "service": 13, "customer": 13, "status": "1"}}, {"model": "appointment.schedule", "pk": 340, "fields": {"date_time": "2025-07-05T08:24:23.185", "professional": 27, "service": 16, "customer": 1, "status": "2"}}, {"model": "appointment.schedule", "pk": 341, "fields": {"date_time": "2025-02-16T07:54:33.198", "professional": 14, "service": 18, "customer": 20, "status": "3"}}, {"model": "appointment.schedule", "pk": 342, "fields": {"date_time": "2025-06-10T16:11:33.339", "professional": 20, "service": 6, "customer": 40, "status": "2"}}, {"model": "appointment.schedule", "pk": 343, "fields": {"date_time": "2025-06-15T19:33:08.635", "professional": 25, "service": 3, "customer": 40, "status": "1"}}, {"model": "appointment.schedule", "pk": 344, "fields": {"date_time": "2025-03-01T06:16:39.014", "professional": 7, "service": 7, "customer": 2, "status": "1"}}, {"model": "appointment.schedule", "pk": 345, "fields": {"date_time": "2025-01-27T04:10:28.671", "professional": 19, "service": 10, "customer": 16, "status": "1"}}, {"model": "appointment.schedule", "pk": 346, "fields": {"date_time": "2025-01-03T06:53:35.786", "professional": 35, "service": 5, "customer": 3, "status": "1"}}, {"model": "appointment.schedule", "pk": 347, "fields": {"date_time": "2025-07-10T18:48:46.587", "professional": 38, "service": 3, "customer": 20, "status": "2"}}, {"model": "appointment.schedule", "pk": 348, "fields": {"date_time": "2025-06-19T12:38:08.137", "professional": 15, "service": 18, "customer": 25, "status": "2"}}, {"model": "appointment.schedule", "pk": 349, "fields": {"date_time": "2025-02-28T17:46:41.903", "professional": 2, "service": 13, "customer": 29, "status": "3"}}, {"model": "appointment.schedule", "pk": 350, "fields": {"date_time": "2025-08-04T21:02:35.265", "professional": 33, "service": 20, "customer": 32, "status": "2"}}, {"model": "appointment.schedule", "pk": 351, "fields": {"date_time": "2025-03-05T15:15:27.663", "professional": 27, "service": 3, "customer": 3, "status": "1"}}, {"model": "appointment.schedule", "pk": 352, "fields": {"date_time": "2025-01-10T19:55:15.875", "professional": 33, "service": 8, "customer": 24, "status": "1"}}, {"model": "appointment.schedule", "pk": 353, "fields": {"date_time": "2025-02-05T10:15:11.214", "professional": 22, "service": 12, "customer": 2, "status": "1"}}, {"model": "appointment.schedule", "pk": 354, "fields": {"date_time": "2025-04-25T03:48:27.764", "professional": 14, "service": 15, "customer": 13, "status": "2"}}, {"model": "appointment.schedule", "pk": 355, "fields": {"date_time": "2025-05-31T22:03:43.864", "professional": 3, "service": 16, "customer": 40, "status": "3"}}, {"model": "appointment.schedule", "pk": 356, "fields": {"date_time": "2025-06-25T09:31:14.092", "professional": 12, "service": 10, "customer": 11, "status": "1"}}, {"model": "appointment.schedule", "pk": 357, "fields": {"date_time": "2025-02-11T13:44:50.770", "professional": 6, "service": 13, "customer": 31, "status": "3"}}, {"model": "appointment.schedule", "pk": 358, "fields": {"date_time": "2025-06-09T18:40:24.331", "professional": 13, "service": 11, "customer": 32, "status": "1"}}, {"model": "appointment.schedule", "pk": 359, "fields": {"date_time": "2025-07-08T05:48:54.701", "professional": 10, "service": 11, "customer": 8, "status": "2"}}, {"model": "appointment.schedule", "pk": 360, "fields": {"date_time": "2025-07-19T03:17:24.710", "professional": 38, "service": 11, "customer": 30, "status": "1"}}, {"model": "appointment.schedule", "pk": 361, "fields": {"date_time": "2025-04-29T08:51:58.540", "professional": 2, "service": 15, "customer": 27, "status": "1"}}, {"model": "appointment.schedule", "pk": 362, "fields": {"date_time": "2025-04-16T10:45:04.564", "professional": 5, "service": 13, "customer": 13, "status": "3"}}, {"model": "appointment.schedule", "pk": 363, "fields": {"date_time": "2025-01-21T20:23:38.828", "professional": 19, "service": 19, "customer": 32, "status": "3"}}, {"model": "appointment.schedule", "pk": 364, "fields": {"date_time": "2025-06-23T05:18:05.741", "professional": 15, "service": 4, "customer": 13, "status": "1"}}, {"model": "appointment.schedule", "pk": 365, "fields": {"date_time": "2025-03-05T17:59:04.247", "professional": 36, "service": 6, "customer": 19, "status": "3"}}, {"model": "appointment.schedule", "pk": 366, "fields": {"date_time": "2025-06-03T06:26:08.814", "professional": 2, "service": 7, "customer": 33, "status": "3"}}, {"model": "appointment.schedule", "pk": 367, "fields": {"date_time": "2025-02-10T14:59:11.586", "professional": 37, "service": 8, "customer": 24, "status": "3"}}, {"model": "appointment.schedule", "pk": 368, "fields": {"date_time": "2025-06-29T23:12:52.193", "professional": 22, "service": 6, "customer": 14, "status": "1"}}, {"model": "appointment.schedule", "pk": 369, "fields": {"date_time": "2025-01-15T13:10:15.328", "professional": 5, "service": 11, "customer": 31, "status": "1"}}, {"model": "appointment.schedule", "pk": 370, "fields": {"date_time": "2025-04-03T01:35:00.373", "professional": 25, "service": 6, "customer": 29, "status": "3"}}, {"model": "appointment.schedule", "pk": 371, "fields": {"date_time": "2025-05-17T01:42:26.110", "professional": 28, "service": 13, "customer": 7, "status": "3"}}, {"model": "appointment.schedule", "pk": 372, "fields": {"date_time": "2025-02-12T21:59:25.844", "professional": 28, "service": 15, "customer": 4, "status": "3"}}, {"model": "appointment.schedule", "pk": 373, "fields": {"date_time": "2025-04-21T07:12:36.613", "professional": 36, "service": 8, "customer": 31, "status": "3"}}, {"model": "appointment.schedule", "pk": 374, "fields": {"date_time": "2025-07-18T02:27:37.705", "professional": 5, "service": 14, "customer": 15, "status": "1"}}, {"model": "appointment.schedule", "pk": 375, "fields": {"date_time": "2025-03-10T11:51:45.554", "professional": 13, "service": 17, "customer": 39, "status": "1"}}, {"model": "appointment.schedule", "pk": 376, "fields": {"date_time": "2025-03-30T03:55:38.376", "professional": 26, "service": 13, "customer": 33, "status": "2"}}, {"model": "appointment.schedule", "pk": 377, "fields": {"date_time": "2025-06-04T05:52:59.357", "professional": 1, "service": 2, "customer": 21, "status": "2"}}, {"model": "appointment.schedule", "pk": 378, "fields": {"date_time": "2025-06-14T15:41:06.743", "professional": 35, "service": 7, "customer": 28, "status": "2"}}, {"model": "appointment.schedule", "pk": 379, "fields": {"date_time": "2025-05-05T23:49:00.470", "professional": 9, "service": 10, "customer": 5, "status": "3"}}, {"model": "appointment.schedule", "pk": 380, "fields": {"date_time": "2025-01-23T15:25:08.130", "professional": 2, "service": 12, "customer": 35, "status": "1"}}, {"model": "appointment.schedule", "pk": 381, "fields": {"date_time": "2025-03-19T19:32:09.523", "professional": 38, "service": 18, "customer": 19, "status": "1"}}, {"model": "appointment.schedule", "pk": 382, "fields": {"date_time": "2025-05-16T09:32:59.626", "professional": 32, "service": 14, "customer": 38, "status": "2"}}, {"model": "appointment.schedule", "pk": 383, "fields": {"date_time": "2025-05-06T06:03:26.172", "professional": 39, "service": 12, "customer": 27, "status": "3"}}, {"model": "appointment.schedule", "pk": 384, "fields": {"date_time": "2025-06-12T15:36:55.086", "professional": 10, "service": 3, "customer": 5, "status": "3"}}, {"model": "appointment.schedule", "pk": 385, "fields": {"date_time": "2025-04-13T04:02:31.345", "professional": 20, "service": 12, "customer": 5, "status": "1"}}, {"model": "appointment.schedule", "pk": 386, "fields": {"date_time": "2025-08-08T00:03:01.678", "professional": 16, "service": 12, "customer": 3, "status": "1"}}, {"model": "appointment.schedule", "pk": 387, "fields": {"date_time": "2025-02-14T04:30:32.306", "professional": 4, "service": 6, "customer": 24, "status": "2"}}, {"model": "appointment.schedule", "pk": 388, "fields": {"date_time": "2025-02-11T08:12:51.779", "professional": 38, "service": 12, "customer": 4, "status": "3"}}, {"model": "appointment.schedule", "pk": 389, "fields": {"date_time": "2025-01-28T09:36:10.516", "professional": 16, "service": 11, "customer": 22, "status": "3"}}, {"model": "appointment.schedule", "pk": 390, "fields": {"date_time": "2025-06-29T21:45:48.224", "professional": 3, "service": 14, "customer": 17, "status": "2"}}, {"model": "appointment.schedule", "pk": 391, "fields": {"date_time": "2025-04-21T22:43:45.498", "professional": 12, "service": 3, "customer": 27, "status": "2"}}, {"model": "appointment.schedule", "pk": 392, "fields": {"date_time": "2025-07-08T02:54:45.137", "professional": 7, "service": 9, "customer": 5, "status": "3"}}, {"model": "appointment.schedule", "pk": 393, "fields": {"date_time": "2025-04-12T07:08:01.747", "professional": 24, "service": 16, "customer": 39, "status": "1"}}, {"model": "appointment.schedule", "pk": 394, "fields": {"date_time": "2025-07-05T13:25:16.342", "professional": 8, "service": 20, "customer": 28, "status": "3"}}, {"model": "appointment.schedule", "pk": 395, "fields": {"date_time": "2025-01-29T06:30:12.000", "professional": 33, "service": 19, "customer": 30, "status": "2"}}, {"model": "appointment.schedule", "pk": 396, "fields": {"date_time": "2025-03-20T18:57:51.840", "professional": 8, "service": 2, "customer": 11, "status": "2"}}, {"model": "appointment.schedule", "pk": 397, "fields": {"date_time": "2025-03-13T08:43:50.965", "professional": 13, "service": 9, "customer": 21, "status": "3"}}, {"model": "appointment.schedule", "pk": 398, "fields": {"date_time": "2025-07-25T00:52:17.500", "professional": 10, "service": 18, "customer": 20, "status": "1"}}, {"model": "appointment.schedule", "pk": 399, "fields": {"date_time": "2025-01-01T12:34:30.550", "professional": 26, "service": 3, "customer": 26, "status": "1"}}, {"model": "appointment.schedule", "pk": 400, "fields": {"date_time": "2025-01-05T14:33:17.184", "professional": 19, "service": 10, "customer": 17, "status": "3"}}, {"model": "appointment.schedule", "pk": 401, "fields": {"date_time": "2025-06-02T02:26:22.523", "professional": 9, "service": 3, "customer": 5, "status": "2"}}, {"model": "appointment.schedule", "pk": 402, "fields": {"date_time": "2025-01-30T04:52:03.450", "professional": 11, "service": 13, "customer": 19, "status": "2"}}, {"model": "appointment.schedule", "pk": 403, "fields": {"date_time": "2025-01-09T09:01:21.381", "professional": 4, "service": 19, "customer": 21, "status": "3"}}, {"model": "appointment.schedule", "pk": 404, "fields": {"date_time": "2025-06-19T02:33:03.622", "professional": 36, "service": 6, "customer": 33, "status": "1"}}, {"model": "appointment.schedule", "pk": 405, "fields": {"date_time": "2025-05-08T20:55:33.670", "professional": 23, "service": 16, "customer": 37, "status": "2"}}, {"model": "appointment.schedule", "pk": 406, "fields": {"date_time": "2025-06-16T10:43:35.134", "professional": 22, "service": 17, "customer": 14, "status": "2"}}, {"model": "appointment.schedule", "pk": 407, "fields": {"date_time": "2025-07-31T13:40:19.988", "professional": 32, "service": 20, "customer": 26, "status": "3"}}, {"model": "appointment.schedule", "pk": 408, "fields": {"date_time": "2025-08-09T00:44:14.007", "professional": 5, "service": 1, "customer": 5, "status": "1"}}, {"model": "appointment.schedule", "pk": 409, "fields": {"date_time": "2025-07-26T08:30:38.059", "professional": 36, "service": 2, "customer": 1, "status": "2"}}, {"model": "appointment.schedule", "pk": 410, "fields": {"date_time": "2025-07-20T00:46:53.737", "professional": 10, "service": 1, "customer": 37, "status": "3"}}, {"model": "appointment.schedule", "pk": 411, "fields": {"date_time": "2025-06-27T23:56:40.578", "professional": 12, "service": 3, "customer": 6, "status": "2"}}, {"model": "appointment.schedule", "pk": 412, "fields": {"date_time": "2025-07-02T15:13:24.986", "professional": 4, "service": 15, "customer": 10, "status": "2"}}, {"model": "appointment.schedule", "pk": 413, "fields": {"date_time": "2025-03-24T13:05:30.050", "professional": 19, "service": 14, "customer": 32, "status": "3"}}, {"model": "appointment.schedule", "pk": 414, "fields": {"date_time": "2025-08-07T11:56:49.480", "professional": 9, "service": 17, "customer": 16, "status": "1"}}, {"model": "appointment.schedule", "pk": 415, "fields": {"date_time": "2025-06-18T19:20:23.851", "professional": 29, "service": 18, "customer": 12, "status": "3"}}, {"model": "appointment.schedule", "pk": 416, "fields": {"date_time": "2025-07-16T16:25:03.799", "professional": 10, "service": 8, "customer": 32, "status": "1"}}, {"model": "appointment.schedule", "pk": 417, "fields": {"date_time": "2025-02-28T20:03:45.604", "professional": 35, "service": 7, "customer": 38, "status": "1"}}, {"model": "appointment.schedule", "pk": 418, "fields": {"date_time": "2025-07-12T15:59:04.573", "professional": 8, "service": 12, "customer": 36, "status": "2"}}, {"model": "appointment.schedule", "pk": 419, "fields": {"date_time": "2025-02-03T07:14:12.140", "professional": 19, "service": 19, "customer": 23, "status": "3"}}, {"model": "appointment.schedule", "pk": 420, "fields": {"date_time": "2025-08-08T12:53:41.479", "professional": 12, "service": 20, "customer": 7, "status": "2"}}, {"model": "appointment.schedule", "pk": 421, "fields": {"date_time": "2025-07-03T11:50:30.632", "professional": 35, "service": 16, "customer": 38, "status": "3"}}, {"model": "appointment.schedule", "pk": 422, "fields": {"date_time": "2025-01-21T03:24:16.339", "professional": 40, "service": 10, "customer": 19, "status": "2"}}, {"model": "appointment.schedule", "pk": 423, "fields": {"date_time": "2025-04-13T18:48:17.778", "professional": 20, "service": 12, "customer": 4, "status": "1"}}, {"model": "appointment.schedule", "pk": 424, "fields": {"date_time": "2025-05-12T02:19:00.469", "professional": 18, "service": 3, "customer": 30, "status": "2"}}, {"model": "appointment.schedule", "pk": 425, "fields": {"date_time": "2025-04-13T13:31:30.041", "professional": 29, "service": 1, "customer": 8, "status": "1"}}, {"model": "appointment.schedule", "pk": 426, "fields": {"date_time": "2025-02-23T00:53:59.303", "professional": 28, "service": 11, "customer": 3, "status": "2"}}, {"model": "appointment.schedule", "pk": 427, "fields": {"date_time": "2025-03-31T17:44:21.044", "professional": 9, "service": 9, "customer": 39, "status": "1"}}, {"model": "appointment.schedule", "pk": 428, "fields": {"date_time": "2025-01-22T22:40:09.436", "professional": 23, "service": 11, "customer": 23, "status": "2"}}, {"model": "appointment.schedule", "pk": 429, "fields": {"date_time": "2025-03-09T14:10:04.592", "professional": 40, "service": 9, "customer": 11, "status": "1"}}, {"model": "appointment.schedule", "pk": 430, "fields": {"date_time": "2025-01-23T09:09:55.195", "professional": 10, "service": 16, "customer": 2, "status": "3"}}, {"model": "appointment.schedule", "pk": 431, "fields": {"date_time": "2025-03-22T13:25:36.618", "professional": 26, "service": 15, "customer": 9, "status": "3"}}, {"model": "appointment.schedule", "pk": 432, "fields": {"date_time": "2025-04-03T09:24:43.527", "professional": 38, "service": 1, "customer": 33, "status": "3"}}, {"model": "appointment.schedule", "pk": 433, "fields": {"date_time": "2025-03-26T01:00:32.593", "professional": 38, "service": 2, "customer": 27, "status": "2"}}, {"model": "appointment.schedule", "pk": 434, "fields": {"date_time": "2025-06-21T20:46:50.029", "professional": 17, "service": 20, "customer": 30, "status": "3"}}, {"model": "appointment.schedule", "pk": 435, "fields": {"date_time": "2025-06-16T01:00:47.131", "professional": 21, "service": 10, "customer": 20, "status": "2"}}, {"model": "appointment.schedule", "pk": 436, "fields": {"date_time": "2025-03-24T04:02:26.693", "professional": 36, "service": 18, "customer": 20, "status": "3"}}, {"model": "appointment.schedule", "pk": 437, "fields": {"date_time": "2025-02-10T05:58:11.564", "professional": 5, "service": 1, "customer": 8, "status": "3"}}, {"model": "appointment.schedule", "pk": 438, "fields": {"date_time": "2025-05-05T00:47:43.690", "professional": 37, "service": 14, "customer": 12, "status": "3"}}, {"model": "appointment.schedule", "pk": 439, "fields": {"date_time": "2025-07-08T04:03:41.208", "professional": 11, "service": 9, "customer": 6, "status": "3"}}, {"model": "appointment.schedule", "pk": 440, "fields": {"date_time": "2025-01-26T19:37:37.238", "professional": 36, "service": 15, "customer": 27, "status": "3"}}, {"model": "appointment.schedule", "pk": 441, "fields": {"date_time": "2025-03-01T05:58:39.680", "professional": 14, "service": 1, "customer": 38, "status": "1"}}, {"model": "appointment.schedule", "pk": 442, "fields": {"date_time": "2025-01-13T10:57:33.849", "professional": 4, "service": 5, "customer": 34, "status": "3"}}, {"model": "appointment.schedule", "pk": 443, "fields": {"date_time": "2025-06-22T07:36:02.828", "professional": 40, "service": 4, "customer": 27, "status": "3"}}, {"model": "appointment.schedule", "pk": 444, "fields": {"date_time": "2025-04-12T22:31:39.167", "professional": 11, "service": 13, "customer": 11, "status": "1"}}, {"model": "appointment.schedule", "pk": 445, "fields": {"date_time": "2025-06-24T20:34:04.784", "professional": 38, "service": 3, "customer": 22, "status": "2"}}, {"model": "appointment.schedule", "pk": 446, "fields": {"date_time": "2025-06-28T09:24:40.533", "professional": 19, "service": 11, "customer": 12, "status": "2"}}, {"model": "appointment.schedule", "pk": 447, "fields": {"date_time": "2025-07-19T11:39:19.609", "professional": 37, "service": 6, "customer": 26, "status": "3"}}, {"model": "appointment.schedule", "pk": 448, "fields": {"date_time": "2025-06-14T16:28:56.377", "professional": 37, "service": 5, "customer": 19, "status": "2"}}, {"model": "appointment.schedule", "pk": 449, "fields": {"date_time": "2025-03-14T13:38:47.509", "professional": 20, "service": 3, "customer": 15, "status": "1"}}, {"model": "appointment.schedule", "pk": 450, "fields": {"date_time": "2025-04-18T03:21:54.507", "professional": 22, "service": 16, "customer": 38, "status": "1"}}, {"model": "appointment.schedule", "pk": 451, "fields": {"date_time": "2025-07-24T18:27:52.029", "professional": 30, "service": 13, "customer": 9, "status": "1"}}, {"model": "appointment.schedule", "pk": 452, "fields": {"date_time": "2025-04-24T04:24:48.320", "professional": 29, "service": 3, "customer": 23, "status": "3"}}, {"model": "appointment.schedule", "pk": 453, "fields": {"date_time": "2025-03-03T20:34:41.407", "professional": 28, "service": 1, "customer": 22, "status": "2"}}, {"model": "appointment.schedule", "pk": 454, "fields": {"date_time": "2025-06-30T12:39:43.842", "professional": 22, "service": 11, "customer": 17, "status": "2"}}, {"model": "appointment.schedule", "pk": 455, "fields": {"date_time": "2025-06-14T02:15:42.434", "professional": 30, "service": 17, "customer": 4, "status": "3"}}, {"model": "appointment.schedule", "pk": 456, "fields": {"date_time": "2025-03-07T20:51:45.496", "professional": 8, "service": 11, "customer": 7, "status": "1"}}, {"model": "appointment.schedule", "pk": 457, "fields": {"date_time": "2025-02-14T00:33:13.239", "professional": 31, "service": 14, "customer": 31, "status": "2"}}, {"model": "appointment.schedule", "pk": 458, "fields": {"date_time": "2025-02-07T17:28:03.346", "professional": 37, "service": 9, "customer": 10, "status": "1"}}, {"model": "appointment.schedule", "pk": 459, "fields": {"date_time": "2025-07-05T21:34:26.924", "professional": 36, "service": 10, "customer": 35, "status": "1"}}, {"model": "appointment.schedule", "pk": 460, "fields": {"date_time": "2025-05-10T12:02:39.911", "professional": 10, "service": 15, "customer": 17, "status": "1"}}, {"model": "appointment.schedule", "pk": 461, "fields": {"date_time": "2025-02-19T08:31:35.050", "professional": 3, "service": 8, "customer": 8, "status": "3"}}, {"model": "appointment.schedule", "pk": 462, "fields": {"date_time": "2025-02-11T22:40:09.447", "professional": 10, "service": 17, "customer": 32, "status": "3"}}, {"model": "appointment.schedule", "pk": 463, "fields": {"date_time": "2025-06-12T14:35:45.344", "professional": 5, "service": 14, "customer": 35, "status": "1"}}, {"model": "appointment.schedule", "pk": 464, "fields": {"date_time": "2025-07-23T07:35:39.991", "professional": 12, "service": 17, "customer": 24, "status": "2"}}, {"model": "appointment.schedule", "pk": 465, "fields": {"date_time": "2025-01-09T07:30:14.394", "professional": 11, "service": 12, "customer": 14, "status": "2"}}, {"model": "appointment.schedule", "pk": 466, "fields": {"date_time": "2025-04-24T14:35:47.040", "professional": 14, "service": 7, "customer": 33, "status": "1"}}, {"model": "appointment.schedule", "pk": 467, "fields": {"date_time": "2025-02-27T04:35:06.029", "professional": 33, "service": 14, "customer": 12, "status": "2"}}, {"model": "appointment.schedule", "pk": 468, "fields": {"date_time": "2025-01-08T09:50:39.822", "professional": 21, "service": 5, "customer": 7, "status": "2"}}, {"model": "appointment.schedule", "pk": 469, "fields": {"date_time": "2025-05-16T11:11:16.347", "professional": 5, "service": 19, "customer": 2, "status": "1"}}, {"model": "appointment.schedule", "pk": 470, "fields": {"date_time": "2025-05-14T00:28:11.072", "professional": 9, "service": 15, "customer": 35, "status": "1"}}, {"model": "appointment.schedule", "pk": 471, "fields": {"date_time": "2025-04-06T05:01:34.147", "professional": 7, "service": 13, "customer": 2, "status": "3"}}, {"model": "appointment.schedule", "pk": 472, "fields": {"date_time": "2025-05-30T09:14:34.644", "professional": 26, "service": 17, "customer": 7, "status": "2"}}, {"model": "appointment.schedule", "pk": 473, "fields": {"date_time": "2025-04-11T05:35:11.555", "professional": 11, "service": 19, "customer": 12, "status": "2"}}, {"model": "appointment.schedule", "pk": 474, "fields": {"date_time": "2025-04-28T10:59:34.673", "professional": 16, "service": 2, "customer": 17, "status": "3"}}, {"model": "appointment.schedule", "pk": 475, "fields": {"date_time": "2025-07-27T19:54:49.968", "professional": 7, "service": 5, "customer": 4, "status": "1"}}, {"model": "appointment.schedule", "pk": 476, "fields": {"date_time": "2025-07-08T09:31:12.357", "professional": 16, "service": 20, "customer": 11, "status": "1"}}, {"model": "appointment.schedule", "pk": 477, "fields": {"date_time": "2025-07-05T07:03:15.368", "professional": 25, "service": 19, "customer": 12, "status": "2"}}, {"model": "appointment.schedule", "pk": 478, "fields": {"date_time": "2025-07-08T13:29:47.026", "professional": 34, "service": 2, "customer": 14, "status": "3"}}, {"model": "appointment.schedule", "pk": 479, "fields": {"date_time": "2025-08-08T21:16:14.774", "professional": 22, "service": 10, "customer": 14, "status": "1"}}, {"model": "appointment.schedule", "pk": 480, "fields": {"date_time": "2025-01-02T07:47:13.699", "professional": 9, "service": 15, "customer": 26, "status": "2"}}, {"model": "appointment.schedule", "pk": 481, "fields": {"date_time": "2025-05-28T01:40:24.647", "professional": 15, "service": 20, "customer": 36, "status": "1"}}, {"model": "appointment.schedule", "pk": 482, "fields": {"date_time": "2025-04-11T12:11:20.281", "professional": 38, "service": 11, "customer": 16, "status": "1"}}, {"model": "appointment.schedule", "pk": 483, "fields": {"date_time": "2025-02-06T21:36:54.655", "professional": 31, "service": 16, "customer": 27, "status": "1"}}, {"model": "appointment.schedule", "pk": 484, "fields": {"date_time": "2025-04-23T03:45:41.133", "professional": 17, "service": 16, "customer": 3, "status": "1"}}, {"model": "appointment.schedule", "pk": 485, "fields": {"date_time": "2025-07-08T09:12:31.100", "professional": 35, "service": 17, "customer": 22, "status": "2"}}, {"model": "appointment.schedule", "pk": 486, "fields": {"date_time": "2025-06-08T12:32:27.276", "professional": 28, "service": 19, "customer": 14, "status": "1"}}, {"model": "appointment.schedule", "pk": 487, "fields": {"date_time": "2025-01-11T13:02:53.047", "professional": 23, "service": 3, "customer": 2, "status": "2"}}, {"model": "appointment.schedule", "pk": 488, "fields": {"date_time": "2025-05-18T15:48:33.939", "professional": 16, "service": 14, "customer": 29, "status": "2"}}, {"model": "appointment.schedule", "pk": 489, "fields": {"date_time": "2025-03-07T04:14:39.068", "professional": 9, "service": 16, "customer": 16, "status": "2"}}, {"model": "appointment.schedule", "pk": 490, "fields": {"date_time": "2025-03-22T05:28:42.976", "professional": 36, "service": 1, "customer": 18, "status": "1"}}, {"model": "appointment.schedule", "pk": 491, "fields": {"date_time": "2025-04-20T08:28:51.337", "professional": 26, "service": 19, "customer": 19, "status": "2"}}, {"model": "appointment.schedule", "pk": 492, "fields": {"date_time": "2025-05-25T12:09:23.484", "professional": 9, "service": 1, "customer": 39, "status": "2"}}, {"model": "appointment.schedule", "pk": 493, "fields": {"date_time": "2025-03-23T00:36:06.990", "professional": 34, "service": 10, "customer": 17, "status": "3"}}, {"model": "appointment.schedule", "pk": 494, "fields": {"date_time": "2025-07-02T04:24:32.517", "professional": 16, "service": 7, "customer": 37, "status": "1"}}, {"model": "appointment.schedule", "pk": 495, "fields": {"date_time": "2025-06-04T07:27:14.342", "professional": 4, "service": 12, "customer": 15, "status": "1"}}, {"model": "appointment.schedule", "pk": 496, "fields": {"date_time": "2025-07-02T12:02:00.226", "professional": 39, "service": 3, "customer": 15, "status": "2"}}, {"model": "appointment.schedule", "pk": 497, "fields": {"date_time": "2025-02-09T16:37:59.932", "professional": 32, "service": 13, "customer": 38, "status": "2"}}, {"model": "appointment.schedule", "pk": 498, "fields": {"date_time": "2025-01-11T20:26:13.724", "professional": 33, "service": 8, "customer": 7, "status": "1"}}, {"model": "appointment.schedule", "pk": 499, "fields": {"date_time": "2025-01-01T23:51:16.013", "professional": 6, "service": 18, "customer": 40, "status": "2"}}, {"model": "appointment.schedule", "pk": 500, "fields": {"date_time": "2025-04-22T07:15:51.200", "professional": 34, "service": 8, "customer": 22, "status": "1"}}]